user_id,install_time,platform,is_paid
8bb9fce4-c7a8-4d03-9995-3c359688135f,2022-03-03 05:16:00,Android,1
18f6df9e-99e4-4169-b141-7b475af2041b,2022-08-11 13:49:00,Android,0
d4fd026b-4dd4-4a85-9c85-59bec391993a,2022-12-08 02:56:00,iOS,0
a80e884f-db62-46f8-9038-5ea7c6318e10,2022-11-15 17:26:00,iOS,0
6307891c-1383-4496-8d1f-785f23dee356,2022-06-16 19:16:00,iOS,0
ab0ddbda-1551-4bd3-b9ae-943e92c2c3d0,2022-11-23 06:24:00,Android,1
820ddf44-5041-4693-90bf-d024cdcc7714,2022-07-28 05:37:00,iOS,0
119cc060-9620-40fd-afb4-bd5ad71ca5ba,2022-07-10 14:43:00,iOS,1
8531eb70-4b01-4025-bee0-96424533ba0c,2022-07-07 00:47:00,iOS,0
25003a23-3646-4fdf-a6c9-74e2f9b973de,2022-11-01 15:50:00,Android,0
1f0139a9-9148-43fb-8f99-a0d567aff07e,2022-03-21 04:35:00,iOS,1
69c1326b-ecba-4070-98de-bd74ac607232,2022-11-13 06:00:00,iOS,1
9eace0e4-a09c-4c84-b7e2-b563b0ddf523,2022-09-10 09:08:00,iOS,0
8d46a423-e16a-4b14-9144-8d988db8404a,2022-02-12 13:00:00,iOS,1
4e62c1ab-48dc-4c3f-9678-78a93086ab09,2022-05-26 06:49:00,iOS,1
210ada49-52ca-49d0-81b4-5705f8f22ecd,2022-06-23 17:06:00,Android,1
1c719898-3221-46fe-a7ce-0650ec928fe6,2022-02-24 13:09:00,iOS,0
b95e2afc-ce05-4c20-a616-c14d2ecb2ee6,2022-11-21 15:25:00,iOS,0
a7a32a1f-173a-4b25-b6aa-10dd572797cf,2022-12-27 03:34:00,Android,1
3d23be3b-cb85-478b-b887-de9b963b6af9,2022-12-24 18:08:00,Android,0
62797b93-e31a-47d2-a7e2-70fd85afa0f3,2022-12-01 06:24:00,iOS,0
a07a4264-4392-424f-b0a4-44d0a8f04030,2022-02-05 07:53:00,iOS,0
822470fd-11b0-43eb-acf9-580f3925d2c9,2022-08-24 07:51:00,iOS,0
43f4790f-aedc-45e0-afc6-28b68d7206f6,2022-03-27 03:28:00,iOS,0
ac7f0447-b01a-4f3d-8681-ac2ad9b26f9f,2022-01-15 09:30:00,iOS,0
296f2a0b-4f56-41cb-a83a-205f62ffed7b,2022-12-12 07:13:00,iOS,0
bf467fd1-234d-46db-993e-264647acebd1,2022-06-08 05:33:00,iOS,0
a07d368d-f6b5-4cb2-bc43-de24db4b99b7,2022-04-07 08:29:00,iOS,0
0ba301dd-844c-42be-b75d-b79f34b05d7c,2022-08-28 11:21:00,Android,1
ae500f83-1938-4342-8227-91ae5b8f6df9,2022-06-08 22:57:00,Android,0
78cb61e2-daaf-475e-9d9f-0873ef30199c,2022-01-15 00:48:00,Android,0
c4926a1b-28ee-48e9-92cb-491271bdefea,2022-05-10 13:34:00,iOS,0
e971d78d-f1da-49b2-a08f-d9d75235d45c,2022-12-07 22:14:00,Android,1
03f07bff-0613-4f6c-b28a-fba9fcb50619,2022-06-26 06:54:00,Android,0
21a6d8c7-e67d-454c-8e7b-a1bce9221cff,2022-08-19 10:43:00,iOS,1
9d3059c7-e7af-4082-a9c2-ab2261e67ac2,2022-02-06 18:13:00,Android,0
f4cd98a5-4134-49c5-8118-5fae8e12074e,2022-11-11 01:52:00,Android,0
1d9d7377-07d2-42de-af9c-d1dc77cf8808,2022-05-06 17:01:00,Android,1
2486e230-33e2-4bda-8e2f-5998ff4ab5a6,2022-12-12 20:49:00,Android,1
d4d6ac42-0af0-4660-a4f5-ae7295f7a9b2,2022-01-04 23:25:00,Android,0
73b65c8c-e99d-4285-b27d-4a2dc4a8a55a,2022-08-11 17:20:00,Android,0
ac5299e0-433d-4fff-aee2-d29cece4a5a5,2022-10-20 11:12:00,Android,1
33ae5f16-54bb-443e-853d-194555859e94,2022-07-08 23:08:00,iOS,0
ce926bdd-a22a-476f-b085-6f318b48d96c,2022-11-26 19:35:00,Android,1
e6407671-4eee-40dc-8120-be4385f87aef,2022-03-18 11:04:00,iOS,0
3e0bb5bc-2eac-4662-81ce-c58084a113e7,2022-12-10 23:34:00,iOS,1
d67b5494-c4b8-4a26-b84c-a0a90681a5dc,2022-07-08 04:11:00,iOS,1
4385486a-1f2e-40eb-afb3-f7bba09a755c,2022-12-19 12:22:00,iOS,1
5d99c886-91a3-4607-8bfc-adc1d7b2121a,2022-04-01 01:57:00,Android,1
543c2c67-0d16-4667-b097-ca9d26f646c0,2022-09-20 01:00:00,iOS,1
06bf2a4c-d67f-43b1-8199-d6c808c71e1b,2022-03-25 15:27:00,Android,0
8ac2cbcb-4523-44e9-9eb2-a7078b5d3430,2022-10-19 00:57:00,iOS,1
cce2b2a5-6c55-48fd-9ec4-bfd69320d729,2022-07-25 00:51:00,iOS,0
b1843736-c3a4-41eb-bf52-f208bd04c120,2022-10-20 12:33:00,Android,1
0f2a01ba-923a-44e5-a192-6a4db33c3b8c,2022-12-27 16:59:00,Android,1
2d25bdb3-e02a-485c-bf24-77835576c23c,2022-08-12 16:53:00,Android,1
8e996d00-3629-45b0-a613-1df546c4e528,2022-03-06 05:24:00,Android,1
32967fd9-5773-4548-a2f3-47512168085b,2022-04-05 11:49:00,iOS,0
c16a860d-f7a6-43c2-9de2-ba3d4b962d65,2022-06-10 04:20:00,Android,0
6f313290-1438-44af-9af0-0c5fc02707e1,2022-07-20 19:20:00,iOS,0
a9f47140-971f-4e5f-a4ff-6199887f65ce,2022-10-21 04:41:00,iOS,1
6078ba0f-2cee-469a-baa9-ae16a6006391,2022-03-16 02:21:00,Android,1
268bb4ba-3b37-43be-ad33-004d9be89557,2022-05-16 16:14:00,Android,1
e90f3bfc-5049-4848-a8c1-0c3b060ffc94,2022-01-22 05:02:00,iOS,0
ef30c20b-44b1-4ed6-ad73-d6327c74d296,2022-01-22 06:53:00,Android,1
f109f882-05e7-4a25-bc67-d3dcc9ba0ec7,2022-08-01 18:49:00,iOS,0
9e496d35-2f6f-49d3-be6f-43e6758898d7,2022-02-21 17:49:00,Android,1
26644b9c-a289-4071-886a-4c3e91766428,2022-10-06 03:13:00,iOS,1
7c240401-e257-482b-939b-d3d25ea4edaa,2022-02-05 08:45:00,iOS,0
23bd0533-6675-4353-b5f0-c998b1bb6d03,2022-01-20 20:15:00,Android,0
e020e911-2991-4dff-8a86-61fe0cf4cea9,2022-07-22 13:55:00,iOS,0
1441075f-a204-4ec8-9266-d0258e247743,2022-02-09 11:10:00,iOS,0
91c03eb6-4602-4b59-8d18-85f5b594c7d1,2022-03-21 09:59:00,Android,0
949e9f9d-536e-4fe9-a748-8daa0d1bb609,2022-07-27 19:11:00,Android,0
b7431972-9af8-478d-bd84-7320d53a0ca9,2022-08-07 18:55:00,Android,1
5e3887e4-cb27-4f24-8719-fb6ccd581884,2022-09-19 23:08:00,Android,1
b3f2c183-2b51-46cd-939f-3c9edbd5435a,2022-05-15 01:58:00,Android,0
1b19686c-95b3-4ee3-a04c-b7c5f8de4a7a,2022-08-25 15:26:00,Android,1
6bfe5316-91ae-4145-9085-a12589b5116f,2022-12-11 18:45:00,iOS,0
89074a12-98a9-4055-9f2d-ba67e1a248de,2022-03-28 16:37:00,Android,1
e5d271d3-b939-40a1-b427-5913d6a18450,2022-09-25 21:37:00,iOS,0
8cbb4f69-8102-479c-ba89-0f3481963323,2022-10-03 12:35:00,iOS,1
7ecfc801-221d-4abf-9bb1-cc8fbe2f6bec,2022-05-25 21:36:00,iOS,0
360afc04-d7eb-41ca-8093-6ef0137554b7,2022-11-26 17:45:00,Android,0
67aa09aa-61dd-47e4-8b8b-6a9fb9349919,2022-08-12 21:26:00,Android,0
2b939435-5cf6-40b2-86ad-23b83632a258,2022-01-23 20:35:00,Android,1
cf6c0041-8a2b-43de-82b7-5e4765737090,2022-03-25 05:42:00,Android,1
1829b041-be01-4abd-a1ab-62f8af2885b0,2022-08-28 22:04:00,Android,0
37ca6aa4-5211-44b8-bdd1-f40b9c4a969b,2022-08-15 05:56:00,iOS,1
c7d0cf56-1895-4911-a1c9-b7359d842114,2022-11-28 18:35:00,iOS,0
714c06ca-7eda-49ac-a3a9-ee0f2f66a1cd,2022-03-24 06:29:00,Android,1
a7c88415-0da0-460d-8a9f-051855b00d33,2022-09-28 10:50:00,iOS,1
aa56e3d7-21f2-421f-bf9e-a67fdab163f4,2022-10-20 18:43:00,Android,1
f7a3594b-9849-45af-9ebb-4ddb9881531f,2022-11-15 12:28:00,Android,0
ced70d89-3666-4c16-9a08-fc7b94fe6305,2022-12-09 05:16:00,Android,0
90efcdf2-86eb-406f-8084-0960c94314f4,2022-11-28 02:45:00,iOS,0
19b0c0ee-acc0-40de-906f-7125478451ed,2022-07-27 02:36:00,iOS,1
53a6c913-587f-4848-854f-742dfc68a532,2022-12-24 02:01:00,iOS,1
2814f674-8ba5-47b5-88e1-69309f8677f0,2022-12-22 00:21:00,iOS,0
de908b0f-be73-4970-b8ce-a3e402543311,2022-08-22 12:38:00,Android,1
1301ea8a-1f00-4f56-967a-7c1391d337d9,2022-01-19 08:58:00,Android,1
65dde286-14aa-4e80-9677-533b6d6edabb,2022-12-28 16:23:00,iOS,1
15c75766-8219-44da-9739-917a8b371d09,2022-09-12 06:34:00,iOS,1
4587ea03-636e-44ff-a01c-980c97187f97,2022-04-28 16:28:00,iOS,0
cd4c7053-0c14-4a5f-9c40-e5b5e95cb30d,2022-06-09 22:28:00,Android,1
6afe8dd7-cfc8-41c4-baba-e29c7a20c790,2022-12-08 11:59:00,iOS,0
b72667ed-6cfb-451e-97f9-debc49121721,2022-04-15 16:30:00,iOS,0
5cf566fe-47c1-40c5-a8dc-f3798f70c925,2022-05-21 09:51:00,iOS,1
dd5fd50e-44ce-4ac1-8cb4-7fb22c257c13,2022-04-05 23:23:00,iOS,1
f60c6256-5499-4b47-b649-4b4900f9765a,2022-06-25 23:31:00,Android,1
7910b11e-5e9e-4747-9414-bc040199a9ca,2022-07-03 02:27:00,Android,1
9fab8f22-1fd3-4b25-95dc-1ffab4296d75,2022-11-04 07:27:00,iOS,0
033bf1db-06ed-490c-a360-7ae43c97b9f2,2022-07-24 22:44:00,iOS,1
036b1c1e-8dfa-46b1-b06a-7717def0efc4,2022-07-20 17:13:00,iOS,0
d139565c-37e4-4986-9143-e3fc8182704d,2022-08-06 11:28:00,iOS,1
42503fc8-e9de-4836-8ae8-25fc19888a73,2022-08-19 21:55:00,iOS,0
1cba7c2d-1dec-461a-af53-4f5ac78050c7,2022-04-13 21:59:00,iOS,1
44bfae24-d5e1-498a-a20d-57ecbe0162b3,2022-09-06 22:44:00,Android,0
85a45165-2857-43ce-9c3b-751f0d1b512a,2022-05-25 14:03:00,Android,0
aebc5371-bf49-49cd-9c16-8b7e269f2a15,2022-09-26 19:57:00,iOS,1
077940b4-9582-45b2-ae32-751d7a3d0547,2022-02-07 07:11:00,Android,1
5fe3ead8-1c0e-49a2-a52b-5b0fac46a51e,2022-10-01 15:25:00,iOS,1
6a716684-c853-41fa-86dd-6d5933b10fdf,2022-09-22 19:58:00,Android,1
4fc30938-31b7-46df-bf59-6a4b06d2a29d,2022-03-10 14:24:00,iOS,0
69e39504-ac1a-4cc4-886b-00de5fcda1f2,2022-10-07 15:52:00,iOS,1
afa30be5-762b-4e7f-895d-f1d94284695c,2022-10-25 04:29:00,iOS,0
da303ef4-583d-475c-be8f-54a55769d579,2022-04-21 01:47:00,Android,0
b80257dd-b3c9-4553-a308-d83d663b6481,2022-08-01 03:09:00,iOS,0
0a2560d8-ba7d-4054-ba89-654208b39eda,2022-02-27 07:52:00,iOS,1
e9115001-34d9-4c47-802a-bd595fae8eb8,2022-11-27 06:13:00,Android,1
5f2782b0-6ecb-4608-850e-37b1b4ec98df,2022-06-27 00:09:00,Android,1
635740c6-49df-4e5d-ac03-fc242fddcf1f,2022-11-08 07:13:00,Android,0
3f8f306f-df80-4a07-b158-dc5007f0bab9,2022-10-08 03:34:00,iOS,1
d5bc04c0-1a3e-4c13-a165-a96c55218b11,2022-07-15 00:23:00,Android,0
498bb5f9-c4a4-40dc-a22b-780810c3f9e5,2022-05-28 02:34:00,Android,0
2c0e3dbd-5f8b-459b-9c33-8c0412bcd9b4,2022-12-17 02:35:00,iOS,1
61e30a20-5408-4ebd-95b4-942c47227be4,2022-07-14 02:56:00,Android,1
aa6c55a4-d9f6-4a72-bf0f-0ed4d4a7ea78,2022-02-12 22:29:00,Android,0
646d4736-74c7-43fe-b3d8-76c90444b94f,2022-05-10 16:45:00,Android,1
4c848a07-85fe-42f0-bd4b-e8a083f47e62,2022-05-24 07:00:00,Android,0
70fafac1-a45e-439d-b1db-0a53235dba2f,2022-07-15 16:20:00,Android,0
601cc44c-9b87-4e2a-8846-cc478094e8d2,2022-10-09 20:54:00,Android,1
79222eac-b410-44a8-bae2-df940397d665,2022-01-06 03:23:00,Android,0
7e6c8679-ed7d-4078-b8c2-baa48be8eb9f,2022-03-11 01:05:00,Android,0
c767e5e3-c180-4618-b3c3-0000387237c6,2022-01-27 13:04:00,iOS,0
b238cf65-7339-48aa-8b8a-2c33625e0adb,2022-11-06 11:25:00,Android,0
2aeee805-ebce-4821-828c-10b46e10132e,2022-09-19 08:54:00,Android,0
b4586d89-ecde-4c11-b640-f2ad74bb8f8d,2022-04-25 23:28:00,Android,0
b474837b-9316-4858-9792-761fd3f32bda,2022-11-20 02:41:00,iOS,0
e9ca5330-decf-4d24-8e66-b70a982ed588,2022-09-14 14:15:00,Android,1
3eec4a93-8e4c-40da-82b8-1b073058eb00,2022-01-28 05:22:00,iOS,1
e583012d-e01b-432c-901a-712df68dc05f,2022-04-19 01:18:00,Android,1
63112ce7-05da-443b-a0f8-68ca7f3febe6,2022-07-17 11:32:00,iOS,0
c4675c8f-2565-49f4-bc97-425fd188c516,2022-10-01 13:13:00,iOS,0
f7e95aee-8cf2-49b5-a009-fb11d8a167a0,2022-08-20 04:10:00,Android,1
3c89e61c-52ed-4240-8f4e-520b9669499d,2022-07-14 17:52:00,iOS,1
4baeb60c-2df5-47ac-a46b-107efddc5a19,2022-06-15 10:56:00,Android,1
e3148866-1cad-4ad0-8053-aaf0ec8873bc,2022-10-22 05:20:00,Android,1
46c28d2a-f89f-488f-801c-a9425ebde97e,2022-03-24 23:59:00,Android,0
845cc00f-51d3-464d-9f0f-22a103341f66,2022-11-03 08:41:00,iOS,0
19ea0f16-e67f-4360-9609-3120fea00cb1,2022-11-03 06:38:00,Android,0
92a89709-9ed7-4108-b11e-4855ca110d86,2022-11-12 02:27:00,iOS,1
2327dba1-3664-46f6-8599-08f1ae9f2241,2022-11-04 09:15:00,iOS,0
a5b2fe24-a8b1-4cfa-a0c1-ba56278a123b,2022-08-28 12:05:00,iOS,1
215280d4-6745-4488-9797-f0969d359deb,2022-10-19 10:44:00,iOS,0
b20aea20-74e2-4c17-9824-98b40ff098e1,2022-05-09 08:15:00,iOS,1
febca0a6-459a-4949-8f52-5cca537aba0e,2022-12-24 16:55:00,iOS,0
82a42cdc-f4f3-4eba-8a2e-73d0c163aa44,2022-11-27 21:08:00,Android,0
5ad31ab2-a3c3-44d6-ac99-30016efb5d92,2022-10-04 01:49:00,Android,1
417fed6a-df03-4072-9054-76f0ab62819e,2022-03-18 15:19:00,iOS,0
f15eff8b-3681-42fe-9bf0-8ac1b10e8cd0,2022-06-06 13:50:00,Android,0
e032693c-c683-4c2c-8c9e-94709041e75f,2022-12-27 10:26:00,iOS,0
81e7d900-f11e-49a9-93da-3bf91dc81b99,2022-11-28 06:24:00,iOS,0
f5090add-63fd-42e9-9adb-41e91cc01ab2,2022-05-15 10:41:00,Android,0
a9d09502-5e28-4fa3-9629-cd09c37462c9,2022-04-11 07:20:00,iOS,1
101379c1-a106-4e81-93ad-04fcf251107b,2022-06-10 05:58:00,Android,0
559f2420-dfc5-4bd2-9c94-07f1f02115a1,2022-04-13 03:03:00,Android,1
7b62085c-0a9d-4943-8385-3652b0e05583,2022-02-22 03:27:00,Android,0
6f67297d-2dd9-4334-b96e-f3e766fc6788,2022-10-17 21:00:00,iOS,1
8e82ad87-93cf-4e67-8288-ad42958a54de,2022-12-13 12:39:00,Android,1
934020f5-40c6-4dca-81d1-2029d72b495d,2022-10-02 21:05:00,Android,0
edea8233-749f-43d9-a3e4-104d107927b2,2022-10-15 01:10:00,iOS,0
0448e6c9-8797-4459-8f9d-9a7b1808dc45,2022-03-24 09:48:00,iOS,0
889a14f6-3bbe-41c2-b618-f4838bb8ab46,2022-03-21 10:35:00,Android,0
9e74928d-c6f7-4436-a895-8e0fec72f7cf,2022-09-26 13:00:00,Android,0
a0bd48e9-da8a-4c16-a2d9-1423a1a0faf5,2022-07-05 14:21:00,iOS,1
6808f74c-27df-405f-b7a7-12473ec22487,2022-06-14 12:24:00,Android,1
5f1fc49e-12a0-4d68-9c93-68a5eea80410,2022-02-18 13:17:00,iOS,0
81cc32f5-e9fd-41d1-8ed3-df1fed8fc314,2022-05-02 00:10:00,iOS,0
a497a8f2-bc9b-4149-8aa1-5e21e9f0d8c5,2022-06-22 17:45:00,Android,1
0ece3a48-48b4-4934-9eac-94d02381df5f,2022-01-18 11:57:00,iOS,0
8ae29505-e16f-4897-bcbd-f67121fda38a,2022-03-21 13:34:00,iOS,0
3f81030e-5d65-43ec-a350-38ff22694932,2022-03-25 06:54:00,Android,1
f0d69413-65db-476b-b424-c70d8d4ac80e,2022-10-09 12:54:00,iOS,1
51bb067b-9a7c-4ff4-855e-a967a20577d7,2022-08-20 12:38:00,Android,1
4e7c687b-92c7-44b0-9d9d-dd45d6d1eb9f,2022-02-19 11:09:00,iOS,1
e5913256-4e1c-4915-89af-628e19157487,2022-10-07 21:10:00,Android,0
6e9c16f4-b28f-4361-bcab-3d8b9a24cebf,2022-09-26 18:34:00,Android,1
e905e685-cf11-45a2-bc16-10c357e06ecf,2022-05-07 04:22:00,iOS,0
1254b474-b52c-41aa-9cbe-de606d8c0ab6,2022-08-27 16:04:00,Android,1
234c2d6e-9d7f-43e4-acb4-62a291bda77e,2022-10-14 13:44:00,iOS,1
204f0e2b-4b7e-4987-96e4-dc002cae5a8a,2022-03-16 14:59:00,iOS,1
bda72bb1-8c9d-4c30-b9d5-a685ff9400f3,2022-10-24 06:19:00,iOS,1
f4af7028-11d8-48f0-949f-67aaa1e905f1,2022-05-27 01:27:00,Android,0
2525142f-b1e7-4e1b-9250-f13df3103c34,2022-07-27 03:48:00,iOS,0
c7283fe5-5000-471c-82f6-e47d78ae506d,2022-09-12 21:10:00,iOS,0
fcb10640-a9d6-4819-a853-c1e17f2a2a34,2022-12-12 09:36:00,Android,1
6a1fc76e-e6db-48eb-91e1-7e34f5f183a6,2022-11-11 11:59:00,Android,1
ea8beff0-10b9-41de-9b0c-98cb0e742ec0,2022-04-01 16:00:00,Android,1
4e9032cd-b973-4717-95e9-edcf3b687744,2022-07-18 02:26:00,Android,1
75027f48-e30e-47f0-b213-84de4833cfed,2022-06-07 18:10:00,iOS,0
f9668b59-276e-4892-acb7-c656cfd78b40,2022-10-23 17:35:00,iOS,1
c25c5ad7-504b-4320-8196-b961a8c34bac,2022-10-23 19:28:00,Android,1
c17aeb83-fa0b-43d6-a7d2-a68fd9bdf05b,2022-04-08 08:23:00,iOS,1
074f080e-698e-42a7-92b4-ba7e4fff9d59,2022-03-18 05:06:00,iOS,1
42ba4df6-92d5-4bbb-9917-284f14a199e1,2022-11-04 14:47:00,iOS,0
bd9b70e0-b862-4937-8891-9ef7106e82db,2022-09-26 06:24:00,Android,0
c85f51b6-b048-4cfa-8e6a-dd6859d3042b,2022-12-25 07:24:00,Android,0
0d2b74c0-dd33-4960-8cf2-170bfe5d7ea7,2022-09-23 14:05:00,iOS,1
94a31f48-868a-4c0b-b1a1-a9efaa8afcd9,2022-05-10 17:14:00,iOS,0
0d3f8011-6c8c-4849-a6fa-a9fb7823ca81,2022-08-23 10:11:00,iOS,0
60dbc216-a823-4bdd-9ac1-60b81a1fea9d,2022-04-04 09:34:00,iOS,1
3d439e44-586f-4910-8d7d-ebb0386ff4db,2022-05-03 19:03:00,iOS,0
e044c173-bbb1-457e-ab15-760d8933d6ca,2022-11-04 13:02:00,Android,0
2717bef4-7291-42f7-9c0d-2e903a8a2b2e,2022-08-23 13:32:00,iOS,1
292d833a-5bf3-44e0-b78a-768bf46a0c75,2022-10-28 17:36:00,Android,0
1e11bc29-ad1e-4c0c-b033-8dd91c108419,2022-07-22 23:19:00,iOS,1
ab588129-0ff1-4461-88c3-1bd9a70726e3,2022-06-11 10:10:00,iOS,1
066211ca-c460-4b79-b642-196151d400ec,2022-04-28 05:31:00,Android,1
a2cbff03-caae-4d3b-8e5f-fd341a63e0bb,2022-03-11 01:06:00,Android,0
477c9957-a8ad-4c06-a038-df874dd72c35,2022-02-25 00:37:00,iOS,0
52d47eaa-8b4f-4831-9d5c-7d31cbe0e6b0,2022-08-05 12:55:00,Android,1
12686718-6f77-4544-8135-771a1c44cbcf,2022-11-19 16:21:00,Android,0
0bf7bcfc-f411-4c12-be4b-b1a4b8ae454d,2022-06-16 00:45:00,Android,1
0b6c5f39-e741-420c-bb33-f5557cd0121f,2022-01-27 14:07:00,Android,1
dc716222-a44b-46a4-b9cc-67ce8ba53d14,2022-11-25 04:26:00,iOS,1
5b28c61c-d43c-4224-aa85-05e94bcfc0f5,2022-05-14 23:01:00,Android,0
c1d7069c-a6ba-46ff-abf0-83783bf233e4,2022-04-12 22:55:00,iOS,0
bfa0e832-e775-483d-b039-8cb93dd107c9,2022-05-03 00:03:00,Android,1
b9ea7f22-c79b-40fc-a344-ddb48ab4f933,2022-07-28 08:12:00,iOS,1
aefb5dde-2bb0-4ce9-8fb5-0347def94494,2022-07-01 09:44:00,Android,0
6de2a3d3-02aa-4e0e-b014-b3b72768474b,2022-01-24 06:42:00,Android,0
53b89be8-ab2d-490b-bc8e-6a3e47073cde,2022-06-18 14:10:00,iOS,1
cffa3b9a-8ed4-411f-b0c7-175e0aa4a4b4,2022-03-16 18:50:00,iOS,1
8c950800-7009-4921-8105-3073399ee510,2022-05-15 23:43:00,iOS,1
ea3ae329-198a-4975-90dc-32e073c87e2c,2022-11-03 05:19:00,iOS,0
5669169b-2381-45e8-a791-0e6dc56881c3,2022-09-06 02:29:00,Android,0
50806f75-4d6c-4e5d-8c8e-c06f68d56f62,2022-03-02 01:30:00,Android,1
1c4227f7-6775-4662-ba6f-3945dd9bba72,2022-08-20 20:24:00,Android,0
a733c423-8634-4b2f-9758-0a82bf273c37,2022-08-04 16:57:00,Android,1
2cf9b080-4ea3-4704-af07-7cd2a5e73ddd,2022-02-25 09:51:00,iOS,0
30fad041-9100-434a-8702-42d6182afeed,2022-05-26 04:18:00,iOS,1
03e81678-fbcd-49b6-9856-75e408872462,2022-06-25 01:05:00,iOS,0
f969da3a-8a09-4e62-954d-13b4b7df85f5,2022-01-26 22:26:00,Android,1
b913fbb9-4943-4d78-9663-4c90331f6184,2022-09-22 13:14:00,iOS,0
9cae0aca-43bb-4753-bcb1-6adf5aa3e646,2022-06-09 00:29:00,Android,1
fd58e5b2-5bf2-4992-8a68-0c5ce371e809,2022-04-05 23:06:00,iOS,0
2fce26ab-a012-453a-af87-ebb49c413684,2022-01-07 05:46:00,iOS,0
d433fe03-9ce9-4056-be79-bdce9fb8416f,2022-11-21 03:02:00,iOS,0
6c9d98b4-8fa1-4536-b515-49e4357567bc,2022-02-23 10:07:00,iOS,0
fb9d3459-5979-42a9-a62c-e71b2b9061f4,2022-07-13 09:31:00,iOS,0
dfe117b8-8316-42f5-8b3e-267f50816df0,2022-11-14 16:32:00,iOS,1
3349b87a-47d2-4148-9049-b8fc3555a1aa,2022-02-26 09:19:00,iOS,0
c5eff1a7-86a7-47b7-9317-d170fe4a9af6,2022-08-19 06:01:00,iOS,1
1d4eddcf-e344-4057-8308-3e1214c0e89e,2022-10-26 11:08:00,Android,1
8b7077fc-6b60-46ab-bb61-194838c99f5a,2022-01-26 18:48:00,iOS,1
cfeaaa17-2a22-45ee-a253-92f5ebf73fad,2022-06-17 06:13:00,Android,1
6ee8ac14-d47a-4c78-a4c7-150fa9bb2164,2022-12-10 13:27:00,Android,1
a9c99aab-2a0f-47a2-a130-da2057003a72,2022-05-14 20:58:00,Android,1
05cef174-649a-4ad0-9d22-4273103bc2d9,2022-07-16 10:37:00,iOS,1
037e8b29-2bbe-4761-b5a0-e41ffe1c5410,2022-08-18 21:55:00,Android,1
b6d0736f-fbcb-4540-9f5f-a10dab0da899,2022-02-25 15:32:00,Android,0
d58c4044-121d-4c28-992a-febc84d5adba,2022-04-25 18:08:00,iOS,1
bdae0b02-a8f3-48b8-ab0a-d259216bc95d,2022-10-10 03:47:00,Android,0
3a50dfda-376b-40a0-b52c-44c235efb7c7,2022-03-25 15:44:00,iOS,0
d5eecc1c-55b9-43d2-ad53-74fee383fe64,2022-11-06 15:57:00,Android,0
d5d50bfe-6ac2-44af-b3ae-645b2f519cc0,2022-03-24 20:46:00,Android,1
dce95c54-67d5-47c8-9157-8ec6f8d4ea95,2022-07-26 04:47:00,iOS,0
b3f94ed1-6b52-4558-a46a-aa22d0c78552,2022-07-05 01:46:00,iOS,1
8e150715-a120-4753-8ccc-64397b7bc4fb,2022-01-13 01:14:00,Android,1
d0f09315-08a2-4903-b952-264e6a941667,2022-10-19 15:13:00,Android,0
3907e307-d2fa-49ba-9ba4-b8e4b6669545,2022-07-28 14:14:00,Android,0
9c8295cb-10f5-4b76-80e7-e74de316e191,2022-11-28 08:25:00,Android,1
4985bfe2-a128-4dd2-b691-d5997418fd80,2022-08-20 10:56:00,iOS,1
ec059983-7326-448d-94d8-24158ee3f3df,2022-03-10 19:51:00,iOS,0
c8d3e941-99f6-4aed-b366-93ebb9e91a67,2022-07-23 06:17:00,iOS,1
d2f99771-2060-4de8-8d58-fd423a3e03bd,2022-02-19 23:21:00,Android,0
c9027390-f902-4313-b2e0-5b600344ec36,2022-02-05 00:32:00,Android,0
0920b8e6-28dd-4d0a-88d8-99aaadd5502c,2022-09-02 16:42:00,iOS,0
8b1218ee-5ba3-447d-93d5-346349e4c9d8,2022-04-02 11:09:00,Android,1
6416ee3f-bb4a-479b-b5f4-d3c585218f03,2022-11-21 08:04:00,Android,1
0df18f24-03b9-445f-a463-13ff26e938a8,2022-05-20 17:50:00,iOS,1
bd9676d5-4338-4757-9a31-264c95456531,2022-09-04 08:19:00,iOS,1
7302be97-d1ae-4f54-aaca-ca839f326c2b,2022-07-12 15:40:00,iOS,1
405a2923-20f2-477e-8991-7dc4ccb385d9,2022-03-01 02:43:00,iOS,1
81400af7-2609-4bf9-af12-3c0b56b473bd,2022-04-15 01:34:00,Android,1
63aa7de2-620b-48f3-9a13-cfd97e512ccd,2022-09-12 20:37:00,iOS,0
c71ce811-8083-4bdc-830f-dfee23c5a168,2022-04-21 16:01:00,iOS,0
0672f374-fa59-4940-a094-7dca6b0fc7c7,2022-01-18 00:23:00,Android,0
9ca756c9-518a-4242-9da7-c117586d3f6e,2022-01-04 10:39:00,Android,1
c43cac4b-0ffc-421c-abd9-68ff786f2b02,2022-08-06 20:45:00,Android,0
68dcb25d-1dab-45a3-a93a-fbdd1a286fe7,2022-12-20 02:22:00,Android,1
a821b734-ba97-48a3-9942-e4f3c5835a31,2022-07-23 16:55:00,iOS,0
7f7452e7-97ec-45fc-ae60-405bfbfb30d7,2022-11-21 22:56:00,Android,0
de1eff76-0c80-4fa8-b1e7-d2e4eed85042,2022-10-27 02:26:00,iOS,1
0b9dc561-7387-4bda-bda8-0d22c08d78ca,2022-01-07 13:26:00,Android,0
0f1f6fdd-b0ea-4559-9988-e2956b4146ef,2022-02-13 15:22:00,Android,1
72099132-01ff-4173-a985-fe5bad29f94a,2022-03-21 20:18:00,Android,0
afca7296-2d0a-4593-891e-8c5694b7ef0a,2022-09-11 07:50:00,Android,0
3582e472-6dcc-4cb4-98a7-bf47a88585f3,2022-11-21 11:16:00,Android,0
8c836053-1a61-4437-9682-29809542f335,2022-10-10 18:26:00,iOS,0
022a6a13-1223-4ed4-8650-e68565552f00,2022-03-23 13:56:00,Android,0
cf8cb7ad-5422-4b6f-bd76-6473f9575778,2022-03-28 17:03:00,iOS,0
3193d3d0-d959-4e86-9eaa-18ab85123fa2,2022-06-28 01:49:00,Android,0
546670f8-8fd3-4de1-bc3b-dd7a2398ceff,2022-03-06 18:58:00,iOS,0
6b72831d-3eee-4c9e-b32f-aa2088a5e7a5,2022-01-14 19:57:00,Android,1
8fa23a71-f6ec-4bab-b7f9-2e4f84ce72f5,2022-12-26 23:42:00,Android,0
a00e223e-94bc-43bd-9ed2-c94751eb4be8,2022-03-03 14:25:00,iOS,1
bb154571-d9ba-4e2e-83fb-5c850531e84b,2022-08-12 21:53:00,Android,0
fa09a315-8552-4ebd-af2d-22701bdca2a8,2022-01-01 02:51:00,Android,1
75083eef-0ac6-45c7-ae78-ec69b0046ef2,2022-11-28 15:34:00,Android,1
0c6c5223-bd16-4521-a246-622271e990d9,2022-12-08 00:32:00,iOS,0
47bc623a-d301-4c4d-a19a-5d4f8b9784e6,2022-01-21 16:20:00,iOS,0
068c6fe5-417e-4621-b15d-da07cbf5a42f,2022-07-04 15:20:00,iOS,1
fe3a1405-d188-4e9d-93c3-d7f1bb91b4f1,2022-08-15 01:30:00,iOS,0
d117502e-3522-4d1e-9aa5-37a9bba75c42,2022-08-15 20:46:00,Android,0
5c488dad-1f56-4a3d-98cf-d450e6d812ff,2022-10-10 09:21:00,iOS,1
eebe9253-7a91-4017-a8c8-6e4d70e324d2,2022-01-04 21:52:00,Android,1
6436586c-d942-4656-905d-6b442cd18e69,2022-07-02 16:29:00,Android,1
4b13e7d9-6d99-4e25-adc4-a2b229d3c43b,2022-03-03 02:46:00,Android,1
57bb3fbf-53ca-4876-a7ab-20b2af8d6c5a,2022-06-07 09:02:00,Android,0
8d485935-e778-41e3-b567-78d9d8aad25a,2022-03-17 00:42:00,iOS,0
1d448388-1020-41d1-a2ad-56e4480fe1cd,2022-03-07 01:39:00,Android,0
07df6bed-a87e-4e3d-9cd9-a1465a0b32e4,2022-07-05 15:07:00,iOS,1
a41faf9e-1932-4501-b0a6-674eae13c02c,2022-05-25 17:31:00,iOS,1
682276e3-a63c-46f8-ad99-7925ef813fad,2022-06-19 21:24:00,Android,1
117f7a2a-3223-4dfc-b1d7-8a2283cec6ec,2022-06-13 17:39:00,iOS,1
3d99a706-4562-4830-afcf-2ffedcfffd7f,2022-06-01 06:10:00,iOS,1
c1575a70-c421-4abe-9948-9a063a2d2357,2022-11-19 13:32:00,Android,0
ac7846b9-7096-44c1-a174-a7ff5c6d790c,2022-04-11 15:55:00,iOS,0
16e0159d-9cee-4073-95f9-8facfc6d1b77,2022-10-11 14:29:00,iOS,1
252e6f00-7a0d-4ff8-af8e-fbfff97b152b,2022-09-03 20:59:00,Android,0
f1708f24-d0ed-4a33-aeb8-b58b9ba24ecd,2022-05-05 08:30:00,Android,0
7dc4dd26-ad60-4283-b336-519e6172f1a2,2022-06-02 20:49:00,iOS,0
f34635af-0935-4e1e-a340-e8af8ddb9685,2022-02-27 08:35:00,Android,0
5c05cb94-5323-419d-956f-442a4e68bc85,2022-10-12 09:44:00,Android,0
94f929df-606f-427a-90a5-dafea929c86c,2022-11-05 00:42:00,Android,0
916737ec-1deb-4195-a537-1869dad55267,2022-11-25 20:38:00,Android,1
d18c3a4e-850d-4c2b-afd4-1a3a4073f1c9,2022-05-17 20:49:00,iOS,1
db7c4000-db88-4cf3-a8c5-7e6d0b0505fa,2022-04-18 04:25:00,Android,1
edbd3c8c-563d-42bf-be78-de5b982c6e37,2022-03-10 10:54:00,iOS,1
171000de-ef1c-4f31-be80-543bf0bd2f7e,2022-09-10 13:10:00,Android,1
7facdec2-3f67-44d2-8e3e-d132f228cbbc,2022-05-27 17:48:00,Android,0
a76f9f9a-3ed6-4873-b23f-40268a6bcf67,2022-11-20 08:26:00,Android,0
2af6a752-9ab9-4793-be3f-0e64cc38f84a,2022-12-01 21:23:00,iOS,0
e90cf82c-a8da-4d86-9deb-e553ac74333f,2022-02-19 02:29:00,Android,1
be90bf68-a164-4549-a4fa-1dd591fcaca9,2022-12-08 06:58:00,iOS,1
805bfe91-38ed-43e8-864d-7a4fb2d3c542,2022-01-27 15:35:00,Android,1
6cc5da16-d9a2-45b6-96fa-4115d7890784,2022-01-05 16:38:00,iOS,0
b7497dad-f2f1-4ea0-85b7-00166fb19d57,2022-03-21 11:02:00,Android,1
c18fc876-d377-40d8-8d46-8d6560613db0,2022-09-23 17:22:00,iOS,1
999d7f0c-0463-4339-bdf0-23b2cb966825,2022-04-15 22:34:00,Android,0
8829f3b1-154d-42be-a82d-bd3466b9f099,2022-05-19 15:47:00,iOS,0
24cfaea5-548f-4263-ad71-f7abd4986d26,2022-07-03 21:50:00,iOS,1
16e9957b-6109-4530-891a-cf9be3b78d80,2022-11-03 18:23:00,iOS,1
cb798dbe-7e47-41c2-ab63-f31560e33403,2022-10-22 02:15:00,Android,1
7437108d-53c8-4e10-80ab-37d346647b89,2022-03-09 11:27:00,iOS,1
30ec25d5-b8f7-49e3-aff5-b04297878fbb,2022-01-17 17:26:00,iOS,0
d6360d20-a2c2-49a8-bb37-93f956a9c6ee,2022-11-08 07:59:00,Android,0
5884b900-eb83-444a-9235-fdf67da07a6e,2022-09-10 15:35:00,Android,1
39c81b96-6455-4857-9fd6-12d9956bd21e,2022-07-08 06:56:00,Android,1
c915e54b-10f8-4779-be8b-8e1db05ee922,2022-05-03 02:23:00,iOS,0
b42a215e-124c-41fe-9b1d-8c5783157165,2022-09-08 04:36:00,iOS,0
150eeaa9-8c11-4019-8df5-32b5160be818,2022-11-18 17:06:00,iOS,1
d69294b4-4ee5-4b8f-ade3-6d7e246a39e1,2022-04-06 04:44:00,Android,0
9d1b1a90-48ee-44fa-b543-891c4eb22d10,2022-12-27 15:51:00,Android,0
2b50bd31-7302-4fa9-80a6-a9c3a96bb0d2,2022-02-26 21:34:00,Android,1
d0713439-de57-4e8e-a24e-749fd8140b83,2022-12-03 15:09:00,Android,0
d4f0a84c-52db-45d9-ac3b-c3cda1cdc0f8,2022-01-05 00:28:00,Android,0
7f2adf37-246e-48ee-99e9-a02d559f41bd,2022-01-04 23:13:00,Android,1
423c7fa0-6ad5-4e86-8a52-d1d2b94651e3,2022-02-22 00:31:00,iOS,1
fb5d4193-362f-4677-b49f-9597ea79bdfc,2022-07-10 18:05:00,iOS,0
1eb1760a-7ba1-42a3-bece-5c15b944371a,2022-03-19 16:22:00,iOS,0
57b9d5ba-e42d-4f07-a9a3-9df1bb3a84f8,2022-12-03 13:09:00,Android,0
124e6e25-131c-4700-b94a-7aaf97e16ddd,2022-04-08 08:12:00,Android,0
d1ae87ae-bfd2-4149-bfcc-43ece7f271a4,2022-10-12 08:21:00,iOS,1
242cf407-da16-49c8-8aef-1cc38b80f979,2022-06-26 01:32:00,Android,1
0d27c8b9-f487-4afc-b351-809faf5be259,2022-09-10 05:56:00,iOS,1
e26a944b-07da-4b6e-aecc-e3c5b7812333,2022-04-18 11:00:00,iOS,0
8cc72f69-4fec-4709-bd1b-fab3c4bed4fd,2022-09-15 12:06:00,iOS,1
80d65045-e0f1-48d4-8245-576491dc593a,2022-06-17 19:56:00,Android,0
c557b4b9-d45a-4565-b8fa-317503d5a5d2,2022-02-01 01:31:00,iOS,0
ee5363cf-d00c-444f-93b2-a1e3dcddf8a7,2022-08-08 16:39:00,iOS,1
0fa06468-8a92-45fd-8875-06892206b5da,2022-06-11 14:31:00,Android,0
df877cc4-6ad3-423e-a422-97d47d005437,2022-06-11 20:24:00,iOS,0
5007206a-e971-4ecd-9533-574a56c5758e,2022-06-09 16:09:00,iOS,0
ae752f92-f749-4b7d-9103-4230e8757133,2022-06-04 15:35:00,iOS,1
70961648-89a7-4078-823d-33263cb767a2,2022-03-10 13:49:00,Android,0
eea7b172-fc75-43c6-9302-32f93a5be6b0,2022-06-18 07:44:00,Android,1
c0cd1765-ddb2-4a2f-90a9-4c2ac8df66ef,2022-07-23 10:26:00,iOS,1
11959d5b-c3d4-41d8-a97b-e43e6aebd3a3,2022-02-02 20:13:00,iOS,1
2ee57cb3-224a-464a-a8d7-4ca7e3903247,2022-08-09 15:12:00,Android,1
97493269-d5fc-413d-acc3-9456ce1b4670,2022-02-10 05:51:00,iOS,1
625329ba-26bd-43c3-9cf0-5e5521c958e4,2022-04-10 07:30:00,iOS,1
32ee4c55-a9e3-4142-a4b7-acac0b3c6760,2022-08-11 12:10:00,iOS,0
ee14c37f-6380-4e78-9ef3-423cdc098cbf,2022-04-22 06:24:00,Android,1
2d20631b-15f3-487f-a619-41638b1993b8,2022-02-04 06:40:00,iOS,1
033f193e-c39d-49ad-9245-9e26687459fd,2022-09-10 00:01:00,Android,0
5f08b44e-9224-4562-86d8-fdf7299133ee,2022-02-11 16:30:00,Android,1
50c63511-14bd-45b7-aaae-13313715582f,2022-11-13 18:44:00,Android,1
7f2586ea-a7b2-464d-8caa-4936c8865702,2022-09-09 23:49:00,iOS,1
dd23ab25-6b88-45d3-a3bb-fb2c53d59507,2022-11-18 17:33:00,Android,1
1fe9d0ae-14a9-430d-ab0a-591a3a21eb2b,2022-06-11 15:52:00,Android,1
f4adb532-10d6-4312-83c3-357c02a1415e,2022-05-24 01:21:00,Android,0
09dd2124-1ee8-49e3-a629-1baf4dc5d815,2022-08-07 02:28:00,Android,0
2ce3b8ad-7f02-441f-9505-5f6b40588e54,2022-04-18 00:50:00,iOS,0
f00d89a1-ecff-4431-9c5e-1f8cf743f421,2022-06-08 19:38:00,Android,1
20a22d60-2cf6-4beb-a1d9-a855bb3cd5bb,2022-06-01 07:58:00,iOS,0
9cb8f97c-c5de-46b5-92c7-0afdd8f79bd3,2022-07-26 14:09:00,Android,1
24cdc0d3-e04b-4ead-bce6-1e43d7a46bfc,2022-07-13 17:45:00,Android,0
d3c2c6aa-8113-45a9-85dd-72509207eab6,2022-11-06 19:27:00,iOS,1
b58a960e-d4b4-4177-8954-d8df37c434cc,2022-10-01 14:50:00,Android,1
1d917b28-9b0f-4642-b9be-7dc7372a00cc,2022-07-01 16:46:00,iOS,0
fdd4d1ba-9070-49d8-8af4-0ea142819355,2022-12-23 05:42:00,Android,1
ce228871-3da3-4c2e-a5ca-513797167e20,2022-03-09 01:40:00,Android,0
00acf2cf-861e-41f2-bf08-156278736eac,2022-09-15 21:42:00,Android,0
c8ffa338-931c-4e9a-8e38-b0126ceed528,2022-02-06 15:49:00,iOS,1
595d0a8c-b56f-4fdc-946e-effd3cb71486,2022-11-02 19:50:00,iOS,1
4be8980f-1b93-4849-bd54-7b81dc42d9a8,2022-03-24 07:44:00,Android,1
88712dc5-2d69-4ec3-8fbc-9681332e0734,2022-03-07 02:05:00,Android,0
42bc8c33-d688-48ec-8156-1271a22ff6f9,2022-11-04 22:06:00,iOS,1
ea64881c-0e68-4f18-9930-b07f2c7daba8,2022-07-21 21:27:00,Android,0
a09a5eba-83c1-4f33-b780-d1074b728c55,2022-01-08 19:21:00,iOS,1
6aeb8b26-e054-4171-b0b9-9b701c6ad3fb,2022-08-10 20:45:00,iOS,0
97f85b6f-2c70-4aa9-9ef8-5ce38f6b22d9,2022-04-04 00:12:00,iOS,0
50dfd73e-a29b-43b4-bb3b-ae87d82f2d47,2022-12-11 05:57:00,Android,1
36854c35-4f72-4992-9e77-b01c7df0c832,2022-02-23 20:22:00,iOS,1
33f03a87-cd76-4283-94bd-9fa57f5aaf97,2022-12-16 07:40:00,Android,1
0ffeb293-414e-42f8-ac58-51ccffab9622,2022-02-28 16:11:00,iOS,1
7c6a4311-4514-4cea-8721-c6723274ba35,2022-04-19 10:57:00,Android,0
1b1d619c-8163-4380-b17f-af5f967b5a8c,2022-06-07 23:38:00,iOS,1
39e82603-64d3-4314-8224-851a378eb4ee,2022-01-14 04:31:00,Android,0
4dabb021-d956-4595-867d-9a2f63200d2b,2022-11-09 13:49:00,iOS,0
656e9c9c-aedf-42a4-b4dc-280ba9388d19,2022-11-05 03:43:00,iOS,1
186c45bf-27b8-423a-b156-2841effbc40a,2022-11-07 15:17:00,iOS,1
893a7159-c2e0-4fcb-bf47-c1c904ee7b02,2022-04-25 18:28:00,iOS,0
d4f20315-4b01-465f-ad7f-0ab346c81eeb,2022-08-16 16:13:00,Android,0
3b76d45d-8441-4c62-b776-8a6edae77f23,2022-03-17 03:10:00,iOS,0
c23676e0-e36f-43ff-95e9-e4286d32051d,2022-05-02 06:09:00,iOS,1
247fd373-e85b-4c0a-aaa4-b3c96ca579b3,2022-09-12 15:57:00,iOS,0
ac122603-07c7-4665-8996-b488292ccd8d,2022-05-13 23:54:00,Android,1
5b8eba43-86b7-4980-8ff6-d1920478043e,2022-05-27 02:03:00,Android,1
76ad9093-7773-4465-aee7-912f110bb880,2022-02-24 01:13:00,iOS,0
8c3bf3ec-3422-4aa3-916c-68ed7ec25db4,2022-09-27 07:06:00,iOS,0
f52b7dda-c5d6-47ea-aa9d-3c0c8a0f8cd4,2022-09-25 08:00:00,iOS,0
25b51183-3178-4b74-89ad-89052b1aa1ab,2022-09-22 20:33:00,Android,1
29b4bf23-cb96-4816-bb83-af19c198bae8,2022-01-22 10:34:00,Android,1
793e6b4c-0297-4cce-9dd3-1c8f2ba0d86a,2022-09-01 23:40:00,Android,0
0b8c77e3-39a9-404a-ba39-f7dfc1ce964d,2022-05-09 13:58:00,iOS,1
44df5985-f5db-4679-a130-325e6e9a253d,2022-11-27 04:07:00,Android,0
93cb7a5b-07d9-46b9-a195-9c8c9ba39a1b,2022-03-05 12:10:00,iOS,1
c2d687a7-904a-4aa1-97ed-7681d79cb5b9,2022-08-05 13:59:00,Android,0
b98f55d4-2ff9-40b2-b7b6-fd27e4f7dc8d,2022-03-13 17:29:00,Android,0
45e50396-ef32-485b-91bd-bb1786a3344f,2022-03-25 14:41:00,Android,0
bc6cd218-037f-4883-aa3c-4b4185c262a2,2022-10-25 04:48:00,Android,1
e5f3508f-0ffd-4333-bdc1-af5e40cb1fcd,2022-04-26 03:17:00,iOS,0
e1893e02-83c6-41a8-ba2f-be5e86052a30,2022-10-11 21:09:00,iOS,1
3c3aac0f-df59-40b0-9b3e-8ac1b22cc340,2022-10-28 05:45:00,Android,1
8834e326-de9b-431d-a558-b5686d6f2365,2022-07-09 09:08:00,iOS,0
fdda8ea3-402f-4d04-a2e6-2a2390d688b4,2022-06-23 16:42:00,Android,1
0c6f894f-b351-4ecc-9b28-7a8526de29cb,2022-09-14 18:42:00,iOS,0
e04ce890-07b8-49e7-b718-d0b5fbd6c568,2022-11-06 14:51:00,Android,1
9fd0356b-a3b5-4c21-9bf9-b00c49ec242a,2022-01-16 14:12:00,Android,1
de40098a-84f2-41d4-98d9-aac789cd1729,2022-09-09 21:30:00,iOS,0
9718ca04-48e2-4c8d-b1d2-0dbb6f4121c6,2022-04-05 11:09:00,Android,1
6e4f23a2-ebc6-4e21-a836-0b4910625a0f,2022-09-13 23:13:00,Android,1
6d5f445b-93f9-411c-bef9-f144185be982,2022-08-28 12:48:00,iOS,0
c9c8e2cd-fe2a-4bfb-b155-4227310cbec0,2022-03-20 20:57:00,Android,0
79cde8ac-e794-4a48-9199-d17c57dd5a79,2022-02-01 00:42:00,Android,0
699d8123-a583-479b-aaf0-642d5ee0f6b4,2022-01-15 12:13:00,iOS,1
7aa34748-2e07-46be-b336-3eeca55c513a,2022-03-05 17:32:00,Android,0
46fd9b59-db91-450d-990e-09c0a50b00a2,2022-11-18 14:35:00,Android,1
dfe8b5da-40b8-43cc-b0b9-2389940765ec,2022-08-05 09:27:00,iOS,0
5124ae96-8bdc-4498-879a-43d26474ec57,2022-06-14 10:52:00,iOS,0
e2bac5e4-1423-49ae-a594-a2a422ee0b01,2022-04-22 01:41:00,iOS,1
74395574-94ca-4402-8dc3-ea4146266444,2022-11-01 04:37:00,Android,1
93eca1a1-2b1c-4e24-8eef-d18290ca9944,2022-08-08 15:54:00,Android,0
d004c0e4-bf5a-4f52-bb3d-1a5f1cb0630d,2022-03-13 12:41:00,Android,0
898a4030-81b5-453f-8b8e-4ba0b3d06089,2022-05-02 17:32:00,iOS,1
88d748af-520e-45b7-913e-16961be1a424,2022-09-24 10:26:00,iOS,1
58761ccb-c5cb-4241-a330-6f94fa537295,2022-12-22 17:35:00,Android,0
67ca0f83-a809-44b2-896d-42325be0c66f,2022-04-18 17:26:00,iOS,0
b9752cdd-bcb9-4dfd-901a-61cde1436e86,2022-02-21 16:48:00,iOS,0
fcb45deb-063b-4fe4-a690-7c27a5e0553e,2022-11-17 00:59:00,iOS,1
1dce1634-876b-40de-852b-b0069e25a2c3,2022-11-16 01:25:00,iOS,0
f6149200-9c02-4fe5-bcfe-0c7dc0c5e64e,2022-12-14 02:18:00,Android,0
9cb502d8-a505-433e-8114-95e63642346e,2022-02-18 22:30:00,iOS,1
16d84dee-0005-4c31-9bc1-f62ee71e5dc2,2022-06-17 12:43:00,Android,0
5efca4f7-74c9-4706-81f0-1cd55c54112e,2022-01-22 00:42:00,iOS,0
e10c9923-26ae-4f71-89cb-b75a793a22d8,2022-10-11 23:09:00,iOS,1
842d8fea-1174-4926-9ebc-db48c78cdd76,2022-07-06 23:23:00,iOS,0
c3ae43ae-410d-4976-b998-8214c5dd79c9,2022-11-19 22:20:00,Android,0
6cbca30d-cd26-42d7-b766-685f2e2864ea,2022-07-10 03:05:00,iOS,0
b1c633b3-e760-485c-8ac9-99f19c238741,2022-03-12 06:05:00,Android,1
66a4fffd-b12b-49b8-a5d0-861869009c97,2022-07-26 22:30:00,Android,0
c1ac5908-2da5-4c89-b611-96e9e734fa1a,2022-01-22 15:35:00,iOS,0
d622a79d-2436-43f9-ab62-f8195c6313c5,2022-05-21 11:44:00,Android,1
e8bdfe58-a08c-4c55-9f68-72e73bfded46,2022-07-15 10:01:00,Android,0
bb7f4284-bdde-429e-94f8-87cd3f8ce48a,2022-03-13 15:52:00,iOS,0
a88c2f2c-6dee-4643-8a0a-d133dfa4d6d4,2022-04-11 16:08:00,iOS,0
b5713e5d-674e-4567-bce1-5a04b2b86e5a,2022-03-20 11:53:00,Android,1
bf2d2390-ab28-49ff-8a7c-624ea9b132f1,2022-03-15 23:35:00,Android,1
a5c5bc95-3de9-43da-9793-aff40c7db0df,2022-03-10 18:25:00,iOS,0
47213d26-956d-478d-922a-8b25e49a0c3b,2022-10-01 14:30:00,iOS,1
bfa81f0e-503e-4a7b-b7c8-1bfb8a11d063,2022-04-27 12:48:00,Android,1
c2f574f4-0a85-4158-b577-6d0204cacbbb,2022-12-02 15:25:00,iOS,1
9102acde-98cb-4de2-90ed-32c8ac41d430,2022-01-09 08:11:00,Android,0
31a9332c-d0f7-4556-85ca-3ebf9e32858f,2022-01-04 04:48:00,Android,0
5ef8378a-9f2d-4f62-9105-a66790d89630,2022-06-03 13:05:00,Android,1
a35c4ec9-7e5c-438a-8dd3-325e3d9a0ca7,2022-08-15 13:26:00,Android,1
ca282855-db0f-42cd-bb3b-377766a29d88,2022-09-01 06:26:00,Android,0
f135cf58-1c5c-4e71-99a2-d5c8a64f6f83,2022-12-02 00:27:00,Android,0
cf433821-060a-49bd-9d3b-54efa35ee4b7,2022-11-15 21:48:00,Android,1
75fc5793-892a-4049-898d-4c4ffe846449,2022-01-07 16:43:00,iOS,0
37b8f9e4-eb6d-4670-85fc-dcba9dceb76c,2022-06-08 15:53:00,Android,1
7de31751-cc25-4346-a24b-255ccb19d2c4,2022-01-24 14:58:00,iOS,1
62a9a369-b21c-4add-b7eb-908a2e424cc7,2022-02-07 17:49:00,iOS,0
170f16be-95e7-435e-91b2-27942da3a22a,2022-09-23 10:07:00,iOS,0
467b31bf-f38d-4e2f-b0d8-0e41bd4fdab3,2022-06-04 01:58:00,iOS,1
fde16dd9-62c1-44ce-8208-89ca9aa66b1d,2022-06-27 19:21:00,iOS,1
9ae4992b-6b83-4fe6-a0ac-f58fb39027cb,2022-03-10 08:36:00,Android,1
1f473225-84cf-4e47-bee8-9baf27e61608,2022-06-25 18:11:00,iOS,1
77b3517f-f9ac-4aae-93b0-da694be56d99,2022-11-11 23:42:00,iOS,0
5d8903f8-548a-4c3c-9c22-f715d2ecf653,2022-09-04 00:12:00,iOS,0
917d29e8-6878-4ac8-baa3-f2fabeb5697b,2022-11-19 02:23:00,iOS,1
63921893-2dd3-4ea0-9255-1a363df213b1,2022-03-22 08:44:00,iOS,0
480505e3-f761-47fe-b650-677b9803eb29,2022-05-07 22:31:00,iOS,1
36c67fc3-d4e4-4e13-ac5e-e54e9b092820,2022-06-19 09:29:00,iOS,1
5965836a-7317-4bb6-ab0d-03550d8ff565,2022-09-02 13:53:00,iOS,0
1a66a8b5-a2e3-40ea-b2e5-1b64b5e52599,2022-11-11 09:57:00,iOS,1
ee659ac9-7eba-4069-8544-79b77bd0d48f,2022-10-17 15:53:00,Android,1
f7eb3320-b52c-4cc0-bf3e-a7b091c8250e,2022-10-18 05:28:00,iOS,0
fe1bb7b9-cde4-4361-86d9-50523e84099d,2022-01-27 22:21:00,iOS,0
e6398679-9722-4f92-b7f7-7789ce1db9ac,2022-07-02 18:54:00,iOS,0
d9830b12-690b-4d4c-97a7-db2e6417b330,2022-07-15 11:03:00,iOS,0
3e09fc19-c78f-4405-9d5a-87c8b27b4469,2022-08-06 18:20:00,Android,0
8b8d1f42-cd46-4714-8954-28d6cfdfb19d,2022-09-14 04:22:00,iOS,0
9c772007-f1af-49d8-a7e2-e8cb933b96c7,2022-10-08 08:44:00,iOS,0
0bfe2bb5-ca8f-4c1f-a8fd-80b7ec3540cc,2022-08-08 10:30:00,Android,1
7d4069fc-1a14-494a-8c36-17e5aeb5b0b3,2022-08-28 19:55:00,iOS,0
3eb39479-f3ae-4607-b03d-56ff06c76c0c,2022-11-19 04:18:00,Android,0
279da20d-3faf-4f7b-b0cc-cc5cd9c91270,2022-05-07 06:00:00,Android,1
8d7a76f0-cf44-4ff3-b102-c486bf664c7d,2022-05-06 12:52:00,Android,1
d6f237c2-f3c3-4888-b32e-493fcb624dce,2022-06-27 09:17:00,iOS,1
19e03a0f-dac5-4483-a2fa-6943b5a3631b,2022-05-18 09:59:00,Android,0
38779546-d2a7-4e2d-9520-68d878671986,2022-12-12 06:08:00,iOS,1
cc25ffe2-f9a5-49a6-96ed-0b234b139e43,2022-09-01 00:13:00,Android,1
69010b5f-0eee-42b2-9c68-f1b2502c9ca1,2022-07-25 16:57:00,iOS,1
02dfe2f6-5455-439e-b7ce-9166c9a94647,2022-03-07 20:45:00,Android,1
750724e5-806f-4919-a8f2-58e7e61c9c81,2022-06-13 22:44:00,iOS,1
8623fbfd-e175-4647-878d-bf66c9f1ee14,2022-08-17 09:43:00,Android,0
63495ab9-ff88-48fd-9a3f-6fd2892cd592,2022-06-13 21:05:00,Android,1
997ee230-1cb4-4eab-bff0-d88a9358e198,2022-09-20 00:50:00,Android,0
b0103888-29e2-4983-87d3-8536a7ad4065,2022-02-11 09:38:00,iOS,0
c69d9645-ad65-46cd-b385-1673b33b8e8e,2022-09-06 01:16:00,iOS,0
4cfa0d51-42c0-467f-a522-c8bd5e737535,2022-11-08 02:24:00,iOS,1
0ef05130-a4b7-4a0e-8e5d-cc61d7423e45,2022-07-03 08:24:00,Android,1
3a811965-6e91-46fc-bfe4-a9af5e7e16e2,2022-12-10 04:52:00,Android,1
be53de53-c0c4-442c-89ed-d53d844f6279,2022-05-03 23:50:00,Android,0
75e307ee-ff6b-4cc1-9949-d123d3bae148,2022-10-14 18:11:00,iOS,0
a62da4f5-2c0a-4347-80e7-6d761e56d9e2,2022-06-16 07:22:00,iOS,0
54bf982a-578c-4e9a-8332-62a931e6dc12,2022-09-25 16:43:00,Android,1
c4c5c260-c180-4cbc-9d15-eda579a67044,2022-10-27 07:25:00,iOS,0
2cb60274-2bf8-476e-95c0-5030ca1e38b4,2022-10-22 18:55:00,iOS,1
97e62ccc-4ff0-4ec2-b358-c94393928d3d,2022-01-12 20:57:00,iOS,0
48c06bc8-432e-48a4-9fcf-ca89218fc86b,2022-01-07 04:59:00,iOS,1
1e81a085-aaae-436c-ba84-19b0f0103312,2022-11-05 10:52:00,Android,0
f3aad7aa-9568-4958-be3c-27ae22216a44,2022-08-01 16:09:00,iOS,0
a004aae4-b3b7-4d66-92c2-a73c93127673,2022-12-26 23:29:00,Android,1
ffad0c6b-de4c-4307-bda1-2a0ce7f61b97,2022-01-27 13:29:00,Android,0
fb22c7e2-3761-462a-b931-d5137246acbe,2022-07-17 23:03:00,Android,1
d1ab1b55-a37e-479f-9eb5-88b36cf9453b,2022-02-28 09:32:00,Android,1
2db55404-8e6d-4df8-98fa-d012582a0990,2022-12-01 23:17:00,Android,0
1867dc85-570c-4cd4-8dd3-4a125439929e,2022-05-02 17:39:00,Android,0
e65232d9-53a0-4e6a-9c3f-102aa667de50,2022-09-18 09:29:00,iOS,1
6676913e-9492-48a0-96cf-b38c7a16db5b,2022-03-13 04:13:00,Android,1
7e12b067-1252-4fa0-a277-2496a5a2dffe,2022-07-07 05:51:00,iOS,0
8cf2f249-3a98-426b-b63d-e1c44e774fcc,2022-05-09 06:09:00,iOS,1
eae891a4-ef2e-4571-9148-91c8ba44525c,2022-10-14 07:21:00,Android,0
7186c9d6-a4c4-4c95-9d13-47e1e426e39a,2022-03-25 19:17:00,Android,0
394267dc-48f7-494a-94fa-797e1f8c3ce9,2022-06-24 22:33:00,Android,0
72aba64b-208f-4106-a3eb-af53bfafe619,2022-12-15 07:36:00,Android,0
b1a6cf07-85b8-466d-9cd1-1fa582c75c36,2022-05-14 21:07:00,iOS,0
4b4ca53b-a0bd-4e78-b7d2-4fb53b164e83,2022-08-23 13:49:00,Android,1
8cdff19a-1c3c-419e-8ef4-643e84575827,2022-02-24 15:03:00,Android,1
c1eaa536-d3ea-445c-8bef-c867cb9e2edf,2022-11-25 02:30:00,Android,1
5276bbb0-e3c0-41dc-ad1a-44dead8b9092,2022-11-06 16:43:00,Android,0
e46479d0-6c11-4b62-a502-506c2db84a5e,2022-09-19 11:33:00,iOS,0
36a04ebe-8331-415f-a5a3-cc6cf79e8d5f,2022-03-02 02:42:00,iOS,1
232a5b96-bfd7-4fd5-a797-e120fcf5930b,2022-02-05 18:25:00,Android,1
210c9e48-449b-4af7-93d1-052bbefa7cee,2022-11-08 00:34:00,Android,0
1f2b1237-c08a-4954-a1bd-32f74fc61cfb,2022-08-28 05:22:00,iOS,0
b705b152-335a-488e-a27a-a4fba277f801,2022-11-07 08:18:00,iOS,0
c78fd15b-277f-48ed-b501-a6c4ff723e10,2022-03-22 09:34:00,Android,0
33e5a19f-8ce4-4826-8a02-bf23a9ee1a74,2022-11-18 04:19:00,iOS,0
d41c6916-6772-46e3-bf23-7869aff9fbdc,2022-09-20 02:57:00,iOS,1
3e1ccde2-2529-4669-b64d-4f8277d543a2,2022-08-23 02:07:00,iOS,1
e4ec8fea-cc7c-4602-aacf-f9a390ba03a6,2022-11-27 08:29:00,iOS,0
fa0759a3-c621-4331-b77f-106991ce00a6,2022-06-06 17:38:00,Android,0
811b1005-dbe5-4195-8f22-a2748ead1bf3,2022-12-10 19:54:00,iOS,0
e1e2f57f-24e7-410c-ae5e-c2c5c0905992,2022-08-03 04:24:00,Android,0
c27b09cb-cd98-44c1-bc72-37b2eb910540,2022-11-22 14:42:00,iOS,1
79f2889b-294a-4e7f-9afd-649198194b39,2022-02-06 22:46:00,iOS,1
fc8e11e1-3543-4a9a-b3c7-be8a51c910f9,2022-05-22 09:16:00,Android,1
36d68b7d-66ba-43b3-8371-a10b6297e155,2022-10-08 05:58:00,Android,0
dc1b80ac-b08b-49cf-b51a-c8656191b65d,2022-06-04 13:55:00,iOS,1
a60b7ef6-e152-4640-9e1f-d9ec95d23831,2022-01-04 23:44:00,iOS,0
9046b819-3ac5-4276-9095-00a52b1912e2,2022-02-21 08:04:00,iOS,0
be90790b-fe9b-4823-9f25-e6d481eba67b,2022-05-22 11:11:00,iOS,1
87201fc1-5053-4947-ad26-ffc0c06c0a65,2022-08-05 17:12:00,iOS,0
410f789b-c43c-479a-83f1-7ea1b2a6fcdc,2022-08-21 07:05:00,iOS,0
f13cad84-f6cf-45c7-86b9-b612ff77920b,2022-03-16 14:44:00,Android,1
cec89988-5c46-40d7-8974-3b782f69350a,2022-02-26 03:52:00,Android,1
726759ee-199d-4fe4-9d17-3f6e900e95f4,2022-02-09 19:21:00,iOS,0
8e97e008-8655-44d6-b47d-cac3d00a9102,2022-03-19 08:53:00,iOS,1
7d699102-c777-4e2c-8ba7-fcaeabc9761d,2022-07-01 06:41:00,iOS,1
61f1f508-3817-4495-a3c0-bffd2643e1c2,2022-05-27 08:56:00,iOS,0
09ff0919-955a-4f74-be6c-d9b5a2977d6d,2022-08-01 01:22:00,Android,0
2f93566e-89af-42ca-91d4-a81666fa7196,2022-06-08 04:15:00,Android,0
24a96364-4d1b-485b-b50d-12beb9eab329,2022-09-07 18:09:00,Android,1
0037e26f-5951-4409-8cea-bd9d66612cc7,2022-09-23 09:06:00,Android,1
79c33a1b-7cb5-413b-812e-f8c30b5e0e11,2022-06-18 20:56:00,Android,1
a7bf8aaa-cdda-44a7-a1cc-d7671cfda491,2022-11-13 06:47:00,Android,0
ce0bf44b-769c-4c12-9a70-eca5c23a7978,2022-05-20 01:58:00,iOS,1
4dc2dd29-64dc-4823-9c3c-bf1e838e6112,2022-06-13 16:55:00,iOS,1
a0dee3d9-ffae-48e0-af05-9635882714f9,2022-04-24 11:50:00,Android,0
40eb694f-4c92-43bd-8797-b8a112b8a3b2,2022-09-26 17:44:00,iOS,0
93856b77-c503-4b09-a172-3b5602ee6e6a,2022-04-04 17:20:00,iOS,1
35e07034-4998-499b-b08b-e80f5735f319,2022-03-03 06:45:00,iOS,0
0fa21053-77ee-482d-ad0a-736c9daeda33,2022-10-14 05:59:00,Android,0
f9c862ed-223b-4f48-ad74-a34da46a4b7f,2022-10-08 11:42:00,Android,1
4d21d3c8-9943-479c-9ca9-f8d58cb0cc9b,2022-03-06 06:45:00,Android,0
6b22d302-cf1f-4852-883f-9d9cee89b5fd,2022-06-20 13:16:00,iOS,0
ce45f09b-1126-4f69-949d-91009a076b25,2022-07-18 02:16:00,Android,0
70fae3ed-b583-4853-9c51-460f06212663,2022-03-06 15:45:00,iOS,1
bfd0e121-0690-420e-9a41-cf7fc14dc9c9,2022-04-19 12:39:00,Android,1
93bc50a9-af62-4384-869d-5753f74f8ef8,2022-10-25 07:57:00,iOS,0
c4caf728-e34f-4623-98b8-d4f96dc4f75c,2022-09-16 17:10:00,iOS,0
68885c86-681f-436c-9a2f-d435f483325e,2022-09-01 09:00:00,iOS,0
7591bbc9-e479-4088-b52e-d47e551c63c5,2022-12-22 00:17:00,Android,1
533ecf2b-4171-42cd-9d76-4215a772101b,2022-04-20 13:26:00,Android,0
c31c9830-8662-4bf5-8b69-9f3267b4488f,2022-04-09 06:21:00,Android,0
d3b2fa8e-9c2f-41d1-b621-0f188d56f552,2022-04-14 11:01:00,Android,1
e611ad14-4d87-412d-844f-4f6e6dab462a,2022-11-20 20:34:00,Android,0
9be0de59-b577-4cbc-970c-2a99ae101ede,2022-09-17 13:19:00,Android,0
e15fca18-31b5-4753-8f8b-1e0af5214f4a,2022-11-10 06:44:00,iOS,0
7c7c7e6b-aa0d-4a92-9f9a-b168427fbf89,2022-08-28 00:12:00,Android,1
a7d644ab-84de-40b1-9a46-653c466be0aa,2022-11-05 19:19:00,iOS,1
4ad49f50-aca5-4028-8074-7478975d6b89,2022-10-21 06:26:00,Android,0
be86e875-81e8-4948-a070-df5442eb2640,2022-01-12 09:19:00,Android,1
24db3fd7-4b2c-4f1c-973f-8b92ae713a42,2022-02-23 17:21:00,Android,0
e6bffbf9-6046-4200-a8c0-81a370d9b9c1,2022-05-10 04:39:00,Android,0
d42f1a3d-7104-47c3-8051-0f8a838938bc,2022-03-06 06:55:00,Android,0
43e3da1f-91ec-41cb-acdf-33fda0972b3c,2022-03-13 15:29:00,iOS,1
02e60926-872e-4688-9f51-ae85f7521811,2022-11-13 23:02:00,iOS,1
4207aeec-c012-4713-9d8f-6acb8ed61a90,2022-01-01 03:33:00,Android,1
b3212d2b-fd72-4a2d-8d1d-b6535e85563b,2022-10-10 10:05:00,iOS,0
24355c3c-d89d-40bc-8912-c5e853a698a6,2022-10-10 04:24:00,iOS,0
71aaa4e4-fa29-43f8-9220-73bd1f877fde,2022-01-19 12:49:00,iOS,0
c5eeaf3f-618c-4414-899f-9403b4f48a03,2022-02-05 12:03:00,Android,0
4aa2fcb5-5d91-4055-8a6a-e10138eb7160,2022-10-22 21:37:00,Android,0
0c4d68b0-f5f3-4b9a-9f64-6bc5bb745649,2022-09-17 09:12:00,Android,0
ca3bd0d8-3441-4dd9-9b85-b1201ba8475a,2022-12-21 12:32:00,Android,1
26e67a5c-45bf-4213-ac14-7edf59038c68,2022-12-04 03:29:00,iOS,1
9b19fb19-c938-40aa-883f-0f618996346e,2022-09-06 11:09:00,Android,1
5e3ddd4b-f818-418e-9df7-525b995a3fc3,2022-11-28 10:00:00,iOS,1
322313b4-cfe3-4ecf-b625-52dd40f6188e,2022-12-05 19:19:00,iOS,0
6c0c0fb9-ca0e-42a8-adfa-779380a8a8d5,2022-05-17 21:16:00,Android,1
82d7e4db-b1f6-4827-b874-a0dfd88448be,2022-09-02 07:48:00,iOS,0
5bf88c54-002d-4b93-83aa-50c023d3b60c,2022-02-01 00:42:00,Android,0
9b42f556-0727-4212-ac19-2a57a73093cb,2022-02-04 23:29:00,Android,0
c0302632-83cc-4703-b6f5-84b59a52ced5,2022-06-27 20:16:00,Android,1
993efd14-f623-4e3d-8b49-61c49674dcfa,2022-12-14 04:59:00,iOS,1
ed2fd4d1-cbdd-4d48-b00b-55fe110f4e0f,2022-11-10 06:59:00,Android,0
349810b2-a366-4a71-832d-20cb2672904e,2022-12-05 22:17:00,iOS,0
ad8eb38d-5415-4a18-bca4-e0d0f68f3855,2022-07-05 20:10:00,iOS,0
0e88bfb6-a2a0-402f-bdd8-1b7c03a7f84c,2022-12-12 10:37:00,iOS,1
1b5b45ad-c9d3-4bbe-9202-d11e95d62827,2022-02-20 20:02:00,Android,1
4d880857-bdd4-46ce-a518-72553a9487e0,2022-08-12 19:18:00,Android,1
8a0a045d-73fe-4994-a695-e05567e13b8e,2022-07-25 15:20:00,Android,0
9805eaf1-c401-4e7d-841a-4d02d966b30d,2022-06-18 15:54:00,Android,1
05fbb06f-25db-413c-a14e-17cfd1363251,2022-04-03 04:09:00,iOS,0
7058e3a9-d7d6-4285-9c2d-8ad7671494fa,2022-12-13 17:33:00,Android,0
9fee5ff8-d35d-4ce0-acaa-8a06b3fc6b2b,2022-06-10 03:30:00,iOS,1
dd2e5d41-b7ee-420b-a57e-4acf84a6c986,2022-10-16 19:47:00,iOS,0
606f40bd-e2f2-41b0-bc8d-3794d639a76f,2022-08-16 06:41:00,Android,1
bce0b5e2-92bb-4034-8aa7-648423ac9f3e,2022-11-27 23:27:00,iOS,1
acde0f92-851a-4739-a755-28291afb8d47,2022-06-25 14:37:00,iOS,0
4c7d05f7-5073-403a-a7a4-0b4d5cf67913,2022-06-11 16:39:00,iOS,0
c5ed4535-1a25-462c-9584-fa9f45c307a0,2022-12-15 15:48:00,Android,0
d42c01c5-8b50-45b5-a8b8-6cd3e54dbc90,2022-08-26 22:34:00,Android,0
ba43fd75-a0a1-47c7-bfaa-7f60bf84c818,2022-10-20 22:40:00,iOS,1
b56512a2-9b47-4c72-8d1c-6e8754c8779b,2022-04-15 20:58:00,Android,0
5b0cc0a3-7c7e-4887-a28c-d607fc54abe2,2022-04-12 21:41:00,iOS,0
34bc8872-9339-47bd-a53b-f0a3a6f746a4,2022-02-01 14:06:00,iOS,1
b31906ea-343b-4055-8fd8-53bd7d73751f,2022-07-23 05:54:00,Android,0
2d87ed22-bcb7-47f4-8b54-41a5cd912589,2022-11-09 18:29:00,Android,1
80d38762-86c2-4572-a3ba-089c300363c4,2022-12-04 01:25:00,iOS,0
17199b6d-e1d0-416f-8186-13238afc2c52,2022-02-14 17:05:00,Android,1
6bada3b2-2f45-4248-9536-fd01461a0fb4,2022-01-02 19:48:00,iOS,1
330dfbb4-7268-482c-8e64-95c184fab112,2022-02-09 18:19:00,Android,0
a1494b97-096c-46ad-880d-3592cef8107c,2022-01-15 17:13:00,Android,1
3054fba8-fc7b-4a9f-80de-a1dab8289074,2022-03-10 04:06:00,Android,0
d0ca11c2-1d2f-499d-bbb2-81873a954623,2022-09-11 08:18:00,iOS,1
f03de8bf-b30d-4cc6-a7e2-6eb6336b55eb,2022-12-04 05:09:00,Android,0
e92a4801-fa4a-445a-a28f-3c21d8a8d764,2022-12-21 22:03:00,iOS,0
a3c44d7a-7203-4c74-b2b1-b8e95a563402,2022-08-06 21:27:00,Android,1
0d629a65-4a8c-482a-9fbc-edafcbdaf309,2022-05-26 13:07:00,iOS,0
09b53165-72c2-4c6f-9fec-dd21d2910b79,2022-03-13 19:19:00,Android,1
6520f725-27ae-4b03-a0bb-98543ba1063a,2022-05-04 16:14:00,iOS,1
08dec503-2b7f-4d25-9388-7e7dbdcd7797,2022-05-03 05:30:00,iOS,1
11f9f5f5-1069-4f53-b460-97535c183ad0,2022-03-11 00:13:00,Android,0
b642c2af-b359-4669-ab41-9f70121e58fd,2022-01-27 19:35:00,iOS,1
3315ee3b-fe4e-4e70-9860-09918f531f27,2022-12-09 11:22:00,iOS,0
7c538fb0-3be1-45c6-a077-5fca2a402c29,2022-02-23 00:02:00,iOS,0
2cb19ccf-5791-4c74-a49e-7ee9aad5b795,2022-07-07 09:47:00,Android,0
ae70e086-0cfc-4970-9fb5-35928930e67c,2022-12-17 11:58:00,Android,0
c7098daf-e6bb-4367-bbb8-005f37858a46,2022-09-01 17:23:00,Android,1
5ac58913-e8b3-458c-b922-72c3526d5331,2022-08-13 16:18:00,Android,1
2ec39001-c808-4db7-b001-109f915e4e4e,2022-07-10 06:31:00,iOS,0
d57de2ea-00d3-4597-a005-f053410f9296,2022-05-08 14:52:00,Android,0
2433ae28-3fa4-4c3e-b8da-e2a6dc3d0b3e,2022-11-22 01:19:00,iOS,1
aa9bfbd7-d31d-4a4a-ac03-1084d566e808,2022-05-07 18:17:00,iOS,1
200478af-4279-417f-8bf1-5f68c5e6cd0f,2022-04-08 11:34:00,iOS,1
3f62aef9-fb59-4219-a828-d1b181a1e878,2022-05-25 07:36:00,Android,0
307cbe7f-ad8c-4b86-9719-51cabb336940,2022-02-27 08:48:00,iOS,0
3fecfc04-4a06-42a6-9d74-9ed7ddd469d2,2022-02-27 09:29:00,Android,1
89d130ca-a9ef-43e5-8203-99d9943e954a,2022-10-08 00:10:00,iOS,1
5a1c9c22-2b49-4702-b4eb-3432749e305a,2022-03-01 03:57:00,Android,0
306ccdf6-c372-45ec-8e4a-7f7f24b48236,2022-11-14 11:17:00,Android,1
dfe677d7-43f8-41fd-83d1-b40972761de8,2022-12-23 20:15:00,Android,0
bab6124c-9791-45cf-9e65-6ca6bc333bf3,2022-02-08 16:59:00,iOS,1
90597e66-14b2-491d-9141-bd1f54aad2ba,2022-08-26 15:17:00,iOS,1
9b4a82cd-53cc-41bc-a272-84c056691409,2022-04-09 19:55:00,iOS,1
b5c40c5e-feb1-43eb-adf9-de02814ed130,2022-04-24 14:06:00,Android,1
bf3f23e2-72df-4511-bbf9-ff4ac3e13854,2022-12-25 17:13:00,Android,0
02683e9e-6f56-4cff-8c29-8ce8b6fa235c,2022-02-13 17:08:00,Android,0
dcd26cb3-d8a0-47c2-832d-38be6e67922e,2022-11-06 23:36:00,Android,1
aec85ac8-e4fc-4727-b8cc-7d0b5c89300c,2022-01-03 14:52:00,iOS,0
c933d5d8-c6f6-4e6c-b55c-1caa5f05824b,2022-12-20 17:15:00,iOS,1
f4faf42c-26c9-49a1-bd93-426f561911a3,2022-11-25 03:47:00,Android,1
0dac31ee-06d8-45a5-9d3f-e4097158878f,2022-06-27 13:19:00,iOS,1
e645a642-b818-4e5d-9308-30f476856221,2022-06-20 02:59:00,iOS,1
2c7809c5-aaff-433b-af7c-fcad858ce30f,2022-10-16 13:57:00,iOS,1
21e24684-371f-445d-a684-c140fa072ef4,2022-12-02 16:49:00,iOS,0
feff5b4a-e541-4efb-bece-c3546e80a944,2022-07-05 13:46:00,Android,1
1d1aa6f9-68c4-4cea-8947-39b113b25c21,2022-05-17 02:27:00,Android,1
9832ad1a-b6cc-4f2d-886b-0f46de266d2b,2022-10-20 12:31:00,Android,0
cde2d364-162e-40b4-bf92-b1569e244402,2022-07-28 08:43:00,Android,0
0626366e-8d6d-4d37-8500-e8a5708e7ca0,2022-06-01 23:18:00,Android,0
d04c88ec-669d-48ed-acdc-10e9ee0ee1b7,2022-01-12 03:50:00,iOS,0
710c51f0-c111-480c-be44-89f50f708c69,2022-11-22 16:09:00,Android,0
437bfc2b-a9ee-47f5-9d4d-cd1cf4444b72,2022-03-02 23:37:00,Android,0
a464938b-7da9-40ea-b2c1-d1e8f01bec99,2022-10-16 04:13:00,iOS,0
dbb29c1b-79b2-4b69-8075-17ba4c0d3fb5,2022-08-03 04:04:00,Android,1
9ba2053e-7095-493d-9b78-b55f5e6dcb2c,2022-09-10 04:46:00,iOS,1
13ee4814-af11-4941-bd9f-e27af935ba69,2022-07-07 17:27:00,Android,1
b4d49990-bce7-4256-8f43-57f8bbf31b86,2022-08-23 08:33:00,Android,1
a6c577e6-b174-4593-89d2-41d40b3f4977,2022-07-11 11:19:00,Android,1
7c04f8e7-5a22-4418-b539-8b6699a6c05f,2022-09-03 23:11:00,Android,0
da4f856e-fe62-460f-a717-c154462c7449,2022-01-21 23:29:00,iOS,1
928cb3d4-5b61-449a-8f38-f6c8bfc7c384,2022-07-14 13:16:00,Android,1
798ebe79-49b2-41ae-a861-809b7a1744e8,2022-10-16 13:40:00,iOS,1
40d550f7-ab9b-49a7-8b4f-ca19e7cd8f2f,2022-02-19 21:39:00,Android,0
0dba560e-da4c-4965-afd1-6c9d3cf2d9e7,2022-03-03 07:44:00,Android,0
32e56f54-ea89-4531-b5dd-e6d53f8e9ce5,2022-11-03 16:28:00,iOS,0
ecc6b50c-6731-4775-bfeb-2757ca020b1c,2022-08-03 09:39:00,Android,1
dc39aa59-763e-435d-9771-9c2540c0054a,2022-07-21 16:35:00,iOS,1
2e417c6b-d3a6-44b9-8e6a-8c6f10bc5a03,2022-09-02 19:19:00,Android,0
827102ff-3d00-4a3c-be4a-8658a31ef3a8,2022-05-07 03:38:00,iOS,1
2de34fb1-3958-48c1-9188-02fc0563d0bb,2022-02-26 10:06:00,iOS,0
764badfb-281c-42e7-afa0-24d133f8d4e5,2022-12-02 15:34:00,Android,1
105c8eef-ce21-469d-81d5-fc2bb14c83bf,2022-05-16 05:30:00,Android,0
53bae2bf-d198-4697-b67e-ae905443f16b,2022-06-19 18:53:00,iOS,1
097be280-a34d-4500-9e05-78a08ceb7af7,2022-03-12 13:15:00,iOS,0
83b1548a-1031-467b-9c8c-3a637612761e,2022-05-28 08:21:00,iOS,0
4d15c37e-e6f2-4d1a-88b2-598b9cd555ac,2022-03-09 22:09:00,iOS,1
cf09c473-568d-40e1-a9c4-c13fc0c8cddb,2022-10-04 10:07:00,Android,1
cde1b110-05f2-4cb6-92c5-abd874e314f9,2022-06-18 19:14:00,Android,1
b7242912-28b4-4e4b-9224-238c8ed26cda,2022-09-24 15:46:00,iOS,1
48e3dded-0b51-4ac6-803a-1267d4f7a52e,2022-11-28 04:17:00,Android,0
3537c87c-2d40-4c76-9e38-d907bd4cb3b7,2022-01-09 09:06:00,iOS,0
c11da74e-ed3d-408a-afd4-95016dc13fb9,2022-02-03 10:58:00,iOS,0
145b0bcf-d3f7-4d5b-a160-72e9b3ad5a32,2022-07-19 13:15:00,iOS,1
23567aaa-b6fd-4ee0-b2b2-3480861e4ba6,2022-11-05 17:07:00,iOS,0
1655c0dc-7ff6-408f-8ba7-748db2ef6e9e,2022-02-01 09:44:00,iOS,1
a3008fc4-218e-49ed-a4b3-0207e8da913d,2022-04-08 05:54:00,Android,0
3acc198c-5a98-48f2-81ff-6b43a13e9202,2022-09-17 11:28:00,Android,1
e2384ad8-4de6-472a-9473-1f7f8e074d9c,2022-01-22 00:02:00,Android,1
9d26ed69-6790-48b0-af50-c5d70291fc47,2022-04-04 00:58:00,iOS,1
a63676d7-53ef-4b1a-86dd-9e32c6b48a75,2022-09-28 15:07:00,iOS,1
b02105c0-a949-44d4-a048-9f633f5be9c2,2022-10-08 08:41:00,Android,1
9b65667f-de70-4a7d-8376-26a0bc811ccb,2022-02-01 06:21:00,Android,0
c9031467-31b8-4a4d-917a-5d08cd401e04,2022-09-02 12:33:00,iOS,0
545bbd26-2217-407b-9843-8a3200d2ccc4,2022-04-14 08:48:00,iOS,0
ad81285c-ea40-4363-befc-f00d83f2f3ff,2022-01-06 16:59:00,iOS,0
1d5764d1-6752-4c36-b2d8-a51b0f581501,2022-10-09 01:17:00,Android,0
d3d33bb7-5cd8-46b3-9440-3ebafd6c7109,2022-03-25 01:57:00,Android,0
b5989b38-c13d-4674-aa43-d857d9d2f829,2022-12-06 15:12:00,Android,0
6266c691-7f32-444c-b744-a0a49e922810,2022-10-09 15:06:00,Android,0
d5f6f408-917f-49f6-87ed-87647e9ebe4e,2022-04-02 03:12:00,iOS,1
09986640-141c-4253-b8f4-4f8e8a2c48d9,2022-12-06 11:02:00,iOS,0
af687a6c-118c-4339-9614-ee091b31c26f,2022-09-15 18:16:00,Android,1
57bbf67b-6cfc-4896-8e94-8ad36b37b8a1,2022-01-19 10:12:00,iOS,0
207338b0-5750-4f98-9872-8d43398e1851,2022-04-15 10:48:00,Android,0
2d9870d3-5ba1-4b28-bcbf-0fd7d4718a2f,2022-02-26 07:07:00,iOS,0
a23a53ef-36a7-4ee2-bd4b-71f59a83290e,2022-05-17 19:59:00,iOS,0
44e52b4f-9039-451d-b27e-4c01e6ddd288,2022-11-03 12:19:00,Android,1
6b0a1ea8-93c3-4f45-83b9-1644d518f175,2022-11-19 03:18:00,iOS,1
9813b23c-6bbf-4062-a307-b1bceb0f4945,2022-06-22 02:26:00,Android,1
87e76c85-f421-4fde-bb4f-2f3b2b13b98b,2022-05-11 17:00:00,Android,0
45e624d8-e8c5-4762-b1cf-8c8f981ebe5b,2022-12-21 06:48:00,Android,1
469c78f6-2ac8-43f6-a965-1abb3ac38ec1,2022-08-25 22:36:00,iOS,0
470f95c7-8e2e-45d2-9e71-ea8b798b4869,2022-08-06 11:11:00,iOS,0
006e27ce-40de-4f62-bbec-30579a0b0957,2022-09-04 16:46:00,Android,1
71b02643-b60c-48c3-8630-d12dfc0702cd,2022-08-09 05:35:00,iOS,0
b06a71c7-3702-4abc-8f71-d6cd83da271d,2022-04-06 05:58:00,iOS,0
78cc720f-2d0c-4ced-9062-a58788bd8df2,2022-04-06 00:14:00,Android,1
b62193a9-f38d-470c-8620-64d1803638ce,2022-01-13 10:25:00,iOS,1
c8a03804-fa87-4c67-9727-de15f760560b,2022-02-01 01:57:00,Android,0
8ae037ef-35b6-4850-9942-2462542511a9,2022-05-06 16:55:00,Android,0
1b13e36f-01eb-41fe-bdf4-c33714eed8be,2022-01-04 00:17:00,iOS,0
961cfe66-c9b3-42ed-956a-334a3b6e348c,2022-12-04 01:40:00,iOS,1
18dace83-2437-4877-bd60-5e833d89efc3,2022-04-01 12:35:00,Android,0
22817122-c1cc-4c78-ab54-9cb9424029a0,2022-01-24 01:57:00,iOS,1
0b031ee1-3713-4fce-88de-416667547901,2022-02-04 01:52:00,iOS,1
4c68f6a1-1490-48eb-829e-cb7ca4f48daa,2022-03-08 18:46:00,iOS,0
ecb55f0f-cc5c-492b-8031-7b757c34402b,2022-09-09 00:53:00,iOS,1
f3e58a6a-4fcf-4425-af46-b664bb469e70,2022-04-28 18:23:00,iOS,0
609c9c92-9b37-4af1-9524-36644d1244b1,2022-09-17 06:24:00,iOS,0
a5b252de-4e80-4249-a836-fa04d8dc2cac,2022-07-25 07:22:00,iOS,1
64a5a00c-430c-40cd-980c-dbbf5e32ddba,2022-11-13 18:45:00,iOS,1
6d72cd4d-2828-4305-8a74-944c79c1d52f,2022-10-17 03:27:00,Android,0
738aa8fc-95d1-4d41-b8fc-9e13b41a05f7,2022-09-15 22:09:00,Android,1
8a048a79-0828-49a5-8a40-149aab396c8e,2022-01-07 06:03:00,iOS,1
aa0b5081-e98c-49ad-bba0-8729eba7c25d,2022-07-04 12:27:00,iOS,0
9e494cb3-9165-4d24-8b68-6f5fbca2c134,2022-04-17 11:11:00,Android,1
b41d1a4f-0065-4836-84b2-53f1c90b9b43,2022-08-28 04:13:00,iOS,1
1c0bbd73-725d-460b-9686-eac8ac4f086a,2022-07-11 20:44:00,iOS,1
f192c5c1-a8df-49da-8f98-c295189dad52,2022-09-06 02:38:00,Android,0
0c372e1b-a1c1-4b17-9ec6-c8ffb79346eb,2022-09-08 10:54:00,iOS,1
80a97aa7-61c2-4109-98a8-ac5bfaa95a1f,2022-03-05 22:01:00,Android,0
2734fc76-db3c-4ef4-b6fe-57398170befe,2022-02-11 18:00:00,Android,0
3953a905-d6e7-41d9-b456-57ff21a3a478,2022-12-22 20:54:00,iOS,1
8e7eb73d-61dc-447a-9e40-b972b73f741c,2022-09-21 08:57:00,Android,1
195f508f-b779-498d-b75e-eac0b78cd588,2022-06-01 14:26:00,iOS,1
4044aef5-569e-479c-b1e7-7911e04c1a2a,2022-04-27 00:02:00,iOS,0
67996bdd-a5c6-46d0-9054-f23b955fc0ad,2022-01-04 17:54:00,Android,0
6b05cc0c-0776-4d64-9e4f-d59617bdb1a1,2022-07-02 04:47:00,Android,1
e20b1794-7da7-41da-818a-bb05c05e51ab,2022-07-22 06:35:00,Android,1
22f5ab9a-cac1-428f-a269-6ea6ca111201,2022-01-21 05:39:00,iOS,1
22901752-f8e9-477d-8b4a-71db20116895,2022-10-21 07:37:00,iOS,1
fd7048d6-e1d5-4916-a9cf-9bbb71641582,2022-02-14 13:20:00,iOS,0
f94f41ed-e787-44fc-842b-b977d4c73bc5,2022-06-05 18:52:00,Android,0
3d070d76-542f-46c1-a8a9-e9dfd1a68fcf,2022-11-07 21:43:00,iOS,0
41848352-36e8-48bb-9249-00965cc86067,2022-12-19 09:26:00,iOS,0
f61190d4-0562-4e8c-a485-60a9e59bb6ff,2022-08-13 08:38:00,iOS,1
970dead8-4fdd-4ddc-8d25-928286853800,2022-04-01 09:07:00,iOS,1
0a8cc2f6-f591-41be-b5e8-02c49bb6b04f,2022-01-01 09:57:00,Android,1
6216e5ed-3b58-4e8a-ac47-9c63f537ffdb,2022-02-21 17:45:00,iOS,0
6c22fb15-ff78-4148-927d-67899877aa2d,2022-07-28 20:55:00,Android,0
732c9b2c-3670-430a-9418-13a25d049624,2022-04-12 05:30:00,iOS,0
7a052e63-bc57-49f3-9c0b-daf08da8ee8a,2022-04-07 19:59:00,Android,1
887d18b4-4704-4957-8cb2-4eb7ec69e21a,2022-01-08 07:48:00,iOS,1
9f5b442d-e6ee-49ee-8b64-32b903ccf67c,2022-04-21 21:19:00,iOS,1
eaf53fc8-0c40-40d0-90eb-57b5c3f92a4c,2022-05-11 20:28:00,iOS,1
bc358065-63aa-4ec1-a862-e8a38f27fae6,2022-04-04 01:40:00,Android,0
d0b70585-e9e3-43db-98ff-5a8608fc18ce,2022-11-25 06:06:00,Android,1
f614ed5a-0f6a-475d-81b4-f39580cf1418,2022-04-22 01:06:00,Android,0
84f30fc6-5ed9-45a4-943f-dc21c3d6a6d8,2022-09-13 11:37:00,iOS,1
0f3a0f0a-c926-4794-9fb9-62ddfec6e9ff,2022-12-13 15:48:00,Android,0
2bf83dbb-d1be-4e7f-a5d8-372dd295041a,2022-11-10 00:24:00,iOS,0
b7bbe4eb-8c9a-4801-a09b-6b26049f4c7c,2022-12-03 15:47:00,iOS,1
bb87b3a3-4b5e-4c07-a33d-5743af28c763,2022-01-26 10:17:00,Android,0
4b2fc3bc-dea9-4644-b44f-acdaa49ed003,2022-01-25 21:02:00,iOS,0
ea5510a1-ea0b-49de-aff4-386823e1bac6,2022-01-01 14:23:00,Android,0
f1c9cc23-4cc6-4315-b26f-a12bee2932de,2022-03-01 03:41:00,Android,0
3c871271-abe8-4c8b-aa44-af71a007244f,2022-06-13 08:47:00,Android,1
a1910f3c-f2d5-46e7-b4dd-6f27b293482f,2022-04-18 05:20:00,Android,1
b2e3fc94-0808-475f-a49d-ca8574f29f29,2022-11-08 17:39:00,Android,0
e8a815c2-4b1f-4aee-95f4-ce14ee20ecb6,2022-08-26 03:30:00,iOS,0
bb6734f5-e820-450f-ae04-9f5979931087,2022-11-06 01:11:00,iOS,1
b1bba2a4-5d56-4a52-8686-8de21e9c9bd9,2022-08-19 02:24:00,iOS,1
1c8ac83a-5688-44be-bb51-5f8d0edefbbb,2022-08-02 05:17:00,Android,1
69c645f1-64b2-4bd6-bdb1-bcde4dc3b579,2022-08-13 03:18:00,iOS,0
32a66636-a2a6-44a5-a322-c9e35e4e38d6,2022-02-14 14:43:00,Android,1
8dc3b525-3b6d-4e94-84ae-9c3ff8ae074d,2022-05-05 05:48:00,iOS,0
1269c77f-548b-4183-9ba6-35f2f182418d,2022-10-02 20:04:00,Android,1
62ac4bad-c822-462e-b648-89478567be8e,2022-12-22 00:24:00,Android,0
72c8915b-9121-4e9c-8c92-fae102ac987a,2022-06-11 01:42:00,Android,0
c1441bcf-7ca9-4369-9810-10f5ac065684,2022-02-07 21:06:00,Android,0
f0f43ad8-d195-4837-8378-839be9fb4d25,2022-03-19 12:35:00,Android,1
d80503a6-35df-491c-bfa5-9afd912c0ea4,2022-11-02 01:26:00,Android,1
be3010a5-76eb-434f-b0d0-bc5397be5895,2022-12-19 06:28:00,Android,0
db38f0bf-decf-47ba-9a50-6fc940d23231,2022-07-13 04:12:00,iOS,0
3ed635b6-e5f8-4067-ae50-43b65c2c7e42,2022-11-19 12:43:00,iOS,0
13575d52-bb69-4ae4-89cc-212daf964fe7,2022-06-18 18:36:00,iOS,0
188682a4-69a6-43fe-a44e-6474337067ff,2022-01-27 03:58:00,iOS,0
bef76262-eea6-4f06-a010-bb9b564e9a6c,2022-03-28 17:02:00,Android,0
24538669-30ed-4f66-81b4-6ad0fdc43039,2022-03-08 14:39:00,iOS,0
90b243f6-450c-4658-a00d-4c62d7a356f3,2022-04-08 12:54:00,Android,0
8244086a-8dfa-4770-a37c-72ee441d8e0f,2022-07-28 22:32:00,iOS,0
d7cd9a7c-aef9-4c3a-8099-afb5711b8dda,2022-03-04 02:01:00,Android,0
248af1c0-b28b-48c1-b8e9-5ab8e734fb2e,2022-01-02 08:59:00,iOS,1
90d8d77c-4460-4529-a2d7-3f9eaadf4008,2022-10-25 14:30:00,iOS,0
9d3b3d92-ac87-4c9f-8666-fe81a3d41325,2022-12-07 12:08:00,iOS,0
39214150-0096-444b-9a14-6e0382046d90,2022-01-14 17:17:00,iOS,1
30fd1a18-fda1-40af-98d5-97d122519226,2022-04-01 12:37:00,Android,0
2b3d15dc-5577-49dc-92b3-12ff67391ae7,2022-02-23 19:37:00,iOS,0
ff545ec7-4043-4919-bdb4-ff5a63e983ac,2022-09-22 05:35:00,iOS,0
539d3727-d92e-434f-95f3-9c4338f0a8ac,2022-08-02 23:55:00,Android,0
7475a1a2-85cb-4642-9a6e-bc9e48a9c2f6,2022-03-21 09:01:00,Android,1
31f71eef-4d56-4876-b8c5-3e800b97c356,2022-08-27 23:20:00,iOS,0
cf6d383d-8a23-4fe1-a780-d84f321c2168,2022-12-21 15:46:00,Android,0
002089d3-cdb5-4332-9f3b-9ea9f4da0809,2022-01-26 12:13:00,Android,0
82a95067-1ec1-4547-9a9d-a33cab94c523,2022-02-18 19:41:00,iOS,1
fee70be6-5b55-4245-99d5-d05f49d5a4ce,2022-03-05 05:07:00,Android,1
e330a743-a8d2-40fd-8b48-769f55630d3b,2022-09-20 08:10:00,iOS,1
40395d40-1bf1-40be-9b9e-a5a63f856d7b,2022-07-23 13:20:00,Android,1
92d0c4b8-b1e9-4971-b0fa-4be3ea6220df,2022-01-22 08:31:00,Android,0
b8ac5b7a-d4a7-44b1-8273-e8dae52e19c7,2022-10-16 00:14:00,iOS,0
15c7112b-6c92-4764-92e3-be3cbebc98a6,2022-11-08 17:53:00,iOS,1
bd20d373-370c-40c7-a274-2683f7ee3c28,2022-06-14 13:55:00,Android,0
691a04af-3b45-44b7-a4f0-aa42a5b77857,2022-12-09 01:10:00,iOS,1
2f7f882e-5c08-43f0-8384-71a71d9e3762,2022-09-14 16:13:00,Android,0
2930cdda-993b-427a-a971-47be7fd839a7,2022-03-15 06:54:00,Android,0
29e9bd38-2560-40e9-b7df-36f0b4efa08a,2022-09-04 11:01:00,Android,1
ccf67d63-8f0d-4b39-8075-200cf4248747,2022-02-12 22:27:00,iOS,0
22b4d6f5-69ef-4f47-b546-d30563ff143c,2022-01-15 05:16:00,Android,1
e2e78eab-130d-4804-b917-76a0a89f2217,2022-07-12 20:27:00,Android,0
b900fdce-074d-4b33-b2dc-5325f137e62f,2022-06-05 09:19:00,iOS,0
dbcbc10a-45dc-4100-93be-0f424158b3b4,2022-10-04 17:42:00,iOS,1
eb8ef449-f148-43ec-a97e-799af0ceb48e,2022-02-02 08:27:00,Android,1
02edb841-e00d-400d-a2a5-f6f5e87e42b2,2022-05-01 10:24:00,Android,0
2eda4a72-0c38-4c04-8c21-7dcffce5812e,2022-04-19 01:11:00,iOS,1
9d84505a-bcb9-4182-aa61-3eceefa70bc9,2022-07-11 15:39:00,Android,0
9aad171e-ab8b-4875-a5a3-cc6e594d9aa7,2022-04-11 20:05:00,iOS,0
8ac9af12-4b9a-4f06-a898-7e2e7c64e76e,2022-01-21 20:24:00,iOS,1
695b8327-f93f-4ce8-a020-91bf9f674452,2022-05-26 13:07:00,iOS,1
631bff5d-d7b2-476f-8041-31e1afb71f08,2022-03-27 09:50:00,iOS,0
081cc96a-6eee-498b-8033-23e7ad59d67a,2022-07-24 02:05:00,iOS,1
5de6c909-0e2a-4b59-80ca-9ee413f0482d,2022-10-05 13:48:00,Android,1
4657c91d-89a9-44af-8220-ecc041eb8efb,2022-07-23 16:14:00,Android,0
d9b5031f-d5c1-4c3b-8a75-90c0f7770c62,2022-03-26 18:03:00,iOS,0
9e991230-bb06-4db7-9022-23c0637171e1,2022-05-04 13:37:00,Android,0
ba29f1ce-a7aa-403a-91aa-d0169d1e990b,2022-02-22 09:47:00,iOS,0
9b35105c-f91d-4e83-99d5-9d6152321319,2022-07-07 20:22:00,iOS,1
dde77d56-c47a-4c39-99ab-2777637cb63e,2022-07-19 07:57:00,iOS,1
a7ab657c-2ff0-4533-9749-089dcd17cc2b,2022-09-08 08:22:00,Android,1
93e29e56-a323-46d3-9577-b07500521594,2022-03-27 04:23:00,Android,1
a6810c53-b991-4e9d-9856-34b1723f84e1,2022-11-12 12:45:00,iOS,0
fde2005a-29a7-4996-850f-639b89ae3815,2022-03-09 00:50:00,iOS,0
612f69d1-5b86-4291-9466-6723bc9b161b,2022-03-05 23:24:00,iOS,0
496181c5-1c0c-4b75-b0a3-7622984b66b4,2022-10-04 23:30:00,Android,1
49154f12-2301-41e0-9c53-07e3f29156c0,2022-03-19 15:33:00,iOS,1
69fedba4-b490-4f36-bf85-bb3bb083e0cc,2022-09-03 12:51:00,Android,0
1fbd0c72-32a9-4819-8aae-32fe497bdf5a,2022-09-11 16:33:00,iOS,1
d72c6a35-7328-4750-ac46-df8935935425,2022-06-15 21:05:00,Android,1
d13cf8a9-c8a7-49ed-a315-27c1c05081c6,2022-12-08 07:40:00,Android,1
8cbecbb3-02ff-4123-a89f-4150bd6a0683,2022-10-15 12:18:00,iOS,0
fb18f7c2-b6a3-40b9-920b-34cd5f63add3,2022-05-07 11:07:00,Android,1
bc399b40-1281-49f9-8e4d-6eb9ad222003,2022-01-01 17:07:00,Android,1
1cecb66c-5d3c-4aa3-9dcb-1e991695dc34,2022-12-19 18:43:00,iOS,0
6baaa0db-45d7-42e8-a9db-7ec70a56fc9d,2022-06-12 20:36:00,iOS,0
8ec2c2e8-dd79-44f9-a5d9-64bc02fc40cc,2022-02-12 21:34:00,Android,0
32760b1d-9026-4843-999a-91ebf26eb968,2022-05-26 22:52:00,Android,1
5992117d-fe6e-45c1-b2c4-fd4d302211e8,2022-02-21 23:32:00,Android,1
73422411-c113-42cb-822f-048260c171fa,2022-09-06 04:43:00,iOS,0
eb53898e-35ef-4258-975c-02f880a7227f,2022-02-25 11:10:00,iOS,1
6d380413-6336-4b38-a293-19470182d5dc,2022-07-19 00:09:00,iOS,1
30e436e4-b9a4-46b1-951c-11bd4c11c7a1,2022-01-07 12:20:00,Android,1
232e8dfe-7e2c-4695-a258-21ac09704986,2022-08-16 01:36:00,iOS,1
91094ec8-757a-40dd-853b-50264ce578f9,2022-02-20 05:19:00,Android,1
1b01afeb-d102-4af9-a682-334619480b46,2022-03-17 13:09:00,iOS,0
f224f383-f7e6-4311-9e48-8da169de16f7,2022-09-07 01:30:00,iOS,1
ad45258a-b94c-4d35-8325-d708657cf7df,2022-06-04 07:33:00,Android,0
7ee27650-6bff-4166-aa99-26de1a9335e6,2022-09-04 11:42:00,iOS,0
4f3633ae-38e7-4125-b599-965b7c4a7c5f,2022-03-23 02:31:00,iOS,1
242bdf42-0e93-4f52-ab4c-e95e6400f054,2022-01-08 10:32:00,iOS,1
c6b7593b-6459-4322-897e-9f5cf74b0cbe,2022-03-05 18:45:00,Android,1
d90c607c-0fca-4b97-afd4-2ebadccf0244,2022-02-05 11:52:00,Android,0
d5e8113c-d20a-4637-8bef-30a2a1c9df4c,2022-08-24 06:37:00,Android,1
ad8c9efe-e516-40e2-b13c-5aed02a800fa,2022-06-07 10:23:00,Android,1
bb0038c0-8767-48e7-a5b3-43f8371889fc,2022-09-13 16:48:00,iOS,0
3621b299-ed22-4e31-8f51-833b29d3e320,2022-10-01 18:22:00,iOS,1
c2843cf1-bace-4864-906c-7cfd127c2162,2022-06-14 22:34:00,iOS,1
3f1e884f-594f-465f-a75b-9400696ac5a3,2022-06-23 23:48:00,iOS,0
0e4970f4-18ee-4b53-bc54-7bc0ef673bc6,2022-12-02 11:13:00,iOS,0
b13f8fe1-022e-4be2-a458-745a3adc4ce7,2022-12-09 13:05:00,Android,1
4c9ec250-31c6-4e90-9503-4fcba6f928ac,2022-05-26 06:07:00,iOS,0
