user_id,payment_time,revenue
7058e3a9-d7d6-4285-9c2d-8ad7671494fa,2022-12-01 05:15:00,138
6baaa0db-45d7-42e8-a9db-7ec70a56fc9d,2022-08-08 05:47:00,440
de908b0f-be73-4970-b8ce-a3e402543311,2022-07-26 05:23:00,708
69010b5f-0eee-42b2-9c68-f1b2502c9ca1,2022-02-03 20:22:00,675
4b4ca53b-a0bd-4e78-b7d2-4fb53b164e83,2022-09-04 04:51:00,971
6307891c-1383-4496-8d1f-785f23dee356,2022-03-13 19:51:00,542
3c89e61c-52ed-4240-8f4e-520b9669499d,2022-09-22 06:58:00,583
d3d33bb7-5cd8-46b3-9440-3ebafd6c7109,2022-05-21 10:11:00,194
1b01afeb-d102-4af9-a682-334619480b46,2022-05-01 14:10:00,771
8531eb70-4b01-4025-bee0-96424533ba0c,2022-03-12 21:26:00,12
87e76c85-f421-4fde-bb4f-2f3b2b13b98b,2022-06-25 10:05:00,728
39214150-0096-444b-9a14-6e0382046d90,2022-04-03 08:14:00,927
a9d09502-5e28-4fa3-9629-cd09c37462c9,2022-05-06 21:24:00,935
ef30c20b-44b1-4ed6-ad73-d6327c74d296,2022-07-12 19:25:00,544
b95e2afc-ce05-4c20-a616-c14d2ecb2ee6,2022-09-13 09:57:00,574
ee659ac9-7eba-4069-8544-79b77bd0d48f,2022-11-17 12:38:00,800
2f93566e-89af-42ca-91d4-a81666fa7196,2022-04-14 04:23:00,385
19b0c0ee-acc0-40de-906f-7125478451ed,2022-10-23 23:03:00,336
e65232d9-53a0-4e6a-9c3f-102aa667de50,2022-04-07 01:19:00,80
c4c5c260-c180-4cbc-9d15-eda579a67044,2022-01-27 18:27:00,424
bab6124c-9791-45cf-9e65-6ca6bc333bf3,2022-06-14 06:54:00,702
72aba64b-208f-4106-a3eb-af53bfafe619,2022-08-28 18:52:00,104
c9c8e2cd-fe2a-4bfb-b155-4227310cbec0,2022-10-08 04:11:00,608
ed2fd4d1-cbdd-4d48-b00b-55fe110f4e0f,2022-09-03 05:38:00,357
75fc5793-892a-4049-898d-4c4ffe846449,2022-02-02 03:35:00,476
feff5b4a-e541-4efb-bece-c3546e80a944,2022-11-22 12:32:00,675
ba29f1ce-a7aa-403a-91aa-d0169d1e990b,2022-03-22 18:07:00,963
f135cf58-1c5c-4e71-99a2-d5c8a64f6f83,2022-02-21 08:56:00,803
a35c4ec9-7e5c-438a-8dd3-325e3d9a0ca7,2022-08-22 19:19:00,274
d80503a6-35df-491c-bfa5-9afd912c0ea4,2022-11-15 02:48:00,908
6cc5da16-d9a2-45b6-96fa-4115d7890784,2022-06-10 04:08:00,992
be90bf68-a164-4549-a4fa-1dd591fcaca9,2022-09-07 13:26:00,240
de1eff76-0c80-4fa8-b1e7-d2e4eed85042,2022-09-28 18:54:00,412
4c7d05f7-5073-403a-a7a4-0b4d5cf67913,2022-05-24 12:32:00,664
8c3bf3ec-3422-4aa3-916c-68ed7ec25db4,2022-11-10 12:23:00,708
d04c88ec-669d-48ed-acdc-10e9ee0ee1b7,2022-07-20 17:22:00,3
44df5985-f5db-4679-a130-325e6e9a253d,2022-11-05 08:46:00,288
ccf67d63-8f0d-4b39-8075-200cf4248747,2022-07-24 01:34:00,268
44df5985-f5db-4679-a130-325e6e9a253d,2022-04-06 15:54:00,966
cf6c0041-8a2b-43de-82b7-5e4765737090,2022-12-06 19:39:00,672
2814f674-8ba5-47b5-88e1-69309f8677f0,2022-09-02 16:21:00,963
a5b252de-4e80-4249-a836-fa04d8dc2cac,2022-01-22 03:23:00,543
c1575a70-c421-4abe-9948-9a063a2d2357,2022-02-03 16:11:00,42
ac7846b9-7096-44c1-a174-a7ff5c6d790c,2022-08-02 19:29:00,385
5992117d-fe6e-45c1-b2c4-fd4d302211e8,2022-07-04 07:56:00,229
9ae4992b-6b83-4fe6-a0ac-f58fb39027cb,2022-05-09 21:01:00,329
a2cbff03-caae-4d3b-8e5f-fd341a63e0bb,2022-09-14 06:49:00,659
f7a3594b-9849-45af-9ebb-4ddb9881531f,2022-08-15 04:30:00,242
186c45bf-27b8-423a-b156-2841effbc40a,2022-09-28 16:52:00,792
80d65045-e0f1-48d4-8245-576491dc593a,2022-10-10 19:12:00,901
8d485935-e778-41e3-b567-78d9d8aad25a,2022-01-13 11:05:00,315
75e307ee-ff6b-4cc1-9949-d123d3bae148,2022-07-22 17:02:00,428
d57de2ea-00d3-4597-a005-f053410f9296,2022-05-02 23:14:00,954
68dcb25d-1dab-45a3-a93a-fbdd1a286fe7,2022-06-04 13:42:00,750
7ee27650-6bff-4166-aa99-26de1a9335e6,2022-08-17 11:59:00,889
e6398679-9722-4f92-b7f7-7789ce1db9ac,2022-10-25 01:55:00,757
2b939435-5cf6-40b2-86ad-23b83632a258,2022-03-07 05:16:00,173
b900fdce-074d-4b33-b2dc-5325f137e62f,2022-08-17 22:05:00,488
d5e8113c-d20a-4637-8bef-30a2a1c9df4c,2022-12-15 16:48:00,896
c78fd15b-277f-48ed-b501-a6c4ff723e10,2022-02-27 00:54:00,705
b238cf65-7339-48aa-8b8a-2c33625e0adb,2022-10-11 16:02:00,872
eebe9253-7a91-4017-a8c8-6e4d70e324d2,2022-05-03 16:48:00,351
c9027390-f902-4313-b2e0-5b600344ec36,2022-06-27 04:57:00,648
5b0cc0a3-7c7e-4887-a28c-d607fc54abe2,2022-05-25 00:00:00,53
d5d50bfe-6ac2-44af-b3ae-645b2f519cc0,2022-10-06 06:06:00,56
e611ad14-4d87-412d-844f-4f6e6dab462a,2022-05-21 22:49:00,685
5f1fc49e-12a0-4d68-9c93-68a5eea80410,2022-05-14 01:49:00,910
ad81285c-ea40-4363-befc-f00d83f2f3ff,2022-06-27 22:13:00,675
d7cd9a7c-aef9-4c3a-8099-afb5711b8dda,2022-05-16 09:09:00,891
b56512a2-9b47-4c72-8d1c-6e8754c8779b,2022-08-25 21:21:00,267
726759ee-199d-4fe4-9d17-3f6e900e95f4,2022-02-22 07:34:00,479
9cae0aca-43bb-4753-bcb1-6adf5aa3e646,2022-05-27 03:05:00,197
0c4d68b0-f5f3-4b9a-9f64-6bc5bb745649,2022-07-03 23:49:00,782
9cae0aca-43bb-4753-bcb1-6adf5aa3e646,2022-07-08 08:42:00,745
195f508f-b779-498d-b75e-eac0b78cd588,2022-04-14 21:41:00,542
c85f51b6-b048-4cfa-8e6a-dd6859d3042b,2022-07-20 22:30:00,170
81cc32f5-e9fd-41d1-8ed3-df1fed8fc314,2022-06-26 19:36:00,414
ad81285c-ea40-4363-befc-f00d83f2f3ff,2022-08-11 17:07:00,760
207338b0-5750-4f98-9872-8d43398e1851,2022-12-12 09:16:00,202
a60b7ef6-e152-4640-9e1f-d9ec95d23831,2022-05-24 06:55:00,30
0e4970f4-18ee-4b53-bc54-7bc0ef673bc6,2022-04-10 10:52:00,956
5b28c61c-d43c-4224-aa85-05e94bcfc0f5,2022-05-15 05:28:00,42
73422411-c113-42cb-822f-048260c171fa,2022-02-09 15:54:00,688
22b4d6f5-69ef-4f47-b546-d30563ff143c,2022-04-16 04:51:00,12
c9031467-31b8-4a4d-917a-5d08cd401e04,2022-09-13 20:26:00,591
9fd0356b-a3b5-4c21-9bf9-b00c49ec242a,2022-01-09 18:26:00,363
4b4ca53b-a0bd-4e78-b7d2-4fb53b164e83,2022-12-03 12:11:00,197
a5b2fe24-a8b1-4cfa-a0c1-ba56278a123b,2022-07-11 21:06:00,257
3c871271-abe8-4c8b-aa44-af71a007244f,2022-03-17 17:54:00,541
a7c88415-0da0-460d-8a9f-051855b00d33,2022-11-26 19:16:00,783
8dc3b525-3b6d-4e94-84ae-9c3ff8ae074d,2022-05-24 14:25:00,588
3fecfc04-4a06-42a6-9d74-9ed7ddd469d2,2022-12-28 16:04:00,330
23bd0533-6675-4353-b5f0-c998b1bb6d03,2022-11-25 03:00:00,512
11f9f5f5-1069-4f53-b460-97535c183ad0,2022-07-22 23:25:00,494
ea5510a1-ea0b-49de-aff4-386823e1bac6,2022-10-06 05:07:00,172
cde2d364-162e-40b4-bf92-b1569e244402,2022-12-27 11:57:00,766
81e7d900-f11e-49a9-93da-3bf91dc81b99,2022-12-01 16:09:00,652
b1bba2a4-5d56-4a52-8686-8de21e9c9bd9,2022-06-19 23:12:00,310
b72667ed-6cfb-451e-97f9-debc49121721,2022-12-18 08:11:00,315
fdda8ea3-402f-4d04-a2e6-2a2390d688b4,2022-04-20 22:20:00,59
c1441bcf-7ca9-4369-9810-10f5ac065684,2022-06-10 17:51:00,949
80a97aa7-61c2-4109-98a8-ac5bfaa95a1f,2022-08-24 14:47:00,491
f4cd98a5-4134-49c5-8118-5fae8e12074e,2022-12-10 19:23:00,934
a76f9f9a-3ed6-4873-b23f-40268a6bcf67,2022-02-21 15:28:00,777
50dfd73e-a29b-43b4-bb3b-ae87d82f2d47,2022-08-09 09:51:00,785
1c0bbd73-725d-460b-9686-eac8ac4f086a,2022-02-08 20:08:00,6
2aeee805-ebce-4821-828c-10b46e10132e,2022-08-28 19:25:00,551
234c2d6e-9d7f-43e4-acb4-62a291bda77e,2022-03-19 06:31:00,912
037e8b29-2bbe-4761-b5a0-e41ffe1c5410,2022-03-15 19:51:00,463
8ec2c2e8-dd79-44f9-a5d9-64bc02fc40cc,2022-03-15 06:58:00,594
0bfe2bb5-ca8f-4c1f-a8fd-80b7ec3540cc,2022-07-12 19:35:00,415
24a96364-4d1b-485b-b50d-12beb9eab329,2022-02-28 02:59:00,739
50806f75-4d6c-4e5d-8c8e-c06f68d56f62,2022-01-06 02:56:00,472
171000de-ef1c-4f31-be80-543bf0bd2f7e,2022-09-21 05:17:00,864
480505e3-f761-47fe-b650-677b9803eb29,2022-05-02 04:51:00,34
b1bba2a4-5d56-4a52-8686-8de21e9c9bd9,2022-08-10 13:43:00,487
200478af-4279-417f-8bf1-5f68c5e6cd0f,2022-12-14 19:07:00,558
80a97aa7-61c2-4109-98a8-ac5bfaa95a1f,2022-02-07 19:43:00,432
e1e2f57f-24e7-410c-ae5e-c2c5c0905992,2022-03-27 11:13:00,781
498bb5f9-c4a4-40dc-a22b-780810c3f9e5,2022-06-05 13:05:00,833
6a716684-c853-41fa-86dd-6d5933b10fdf,2022-01-24 14:14:00,400
609c9c92-9b37-4af1-9524-36644d1244b1,2022-01-15 21:53:00,703
036b1c1e-8dfa-46b1-b06a-7717def0efc4,2022-09-26 19:09:00,604
a9c99aab-2a0f-47a2-a130-da2057003a72,2022-05-07 15:33:00,536
2b50bd31-7302-4fa9-80a6-a9c3a96bb0d2,2022-02-20 06:02:00,324
75fc5793-892a-4049-898d-4c4ffe846449,2022-09-09 21:34:00,332
006e27ce-40de-4f62-bbec-30579a0b0957,2022-05-04 02:56:00,472
e10c9923-26ae-4f71-89cb-b75a793a22d8,2022-04-28 01:11:00,491
559f2420-dfc5-4bd2-9c94-07f1f02115a1,2022-11-10 22:47:00,992
9eace0e4-a09c-4c84-b7e2-b563b0ddf523,2022-11-06 18:57:00,984
6aeb8b26-e054-4171-b0b9-9b701c6ad3fb,2022-04-15 11:39:00,363
32e56f54-ea89-4531-b5dd-e6d53f8e9ce5,2022-09-01 17:39:00,833
d67b5494-c4b8-4a26-b84c-a0a90681a5dc,2022-02-24 17:42:00,20
188682a4-69a6-43fe-a44e-6474337067ff,2022-12-18 03:17:00,207
be53de53-c0c4-442c-89ed-d53d844f6279,2022-01-01 17:53:00,211
1cba7c2d-1dec-461a-af53-4f5ac78050c7,2022-02-26 00:01:00,904
6436586c-d942-4656-905d-6b442cd18e69,2022-05-14 21:15:00,517
93bc50a9-af62-4384-869d-5753f74f8ef8,2022-07-13 23:24:00,265
aa56e3d7-21f2-421f-bf9e-a67fdab163f4,2022-08-14 21:40:00,379
5f1fc49e-12a0-4d68-9c93-68a5eea80410,2022-01-26 02:33:00,823
5a1c9c22-2b49-4702-b4eb-3432749e305a,2022-01-28 18:14:00,606
c4675c8f-2565-49f4-bc97-425fd188c516,2022-06-04 05:39:00,296
36854c35-4f72-4992-9e77-b01c7df0c832,2022-12-20 15:47:00,92
9d1b1a90-48ee-44fa-b543-891c4eb22d10,2022-12-27 14:33:00,71
3f62aef9-fb59-4219-a828-d1b181a1e878,2022-04-12 03:10:00,480
c557b4b9-d45a-4565-b8fa-317503d5a5d2,2022-07-07 10:10:00,676
0c4d68b0-f5f3-4b9a-9f64-6bc5bb745649,2022-01-12 19:35:00,960
5b8eba43-86b7-4980-8ff6-d1920478043e,2022-11-07 11:38:00,752
6216e5ed-3b58-4e8a-ac47-9c63f537ffdb,2022-12-18 14:07:00,287
a733c423-8634-4b2f-9758-0a82bf273c37,2022-10-14 08:44:00,679
2327dba1-3664-46f6-8599-08f1ae9f2241,2022-03-21 19:08:00,963
c69d9645-ad65-46cd-b385-1673b33b8e8e,2022-12-05 04:24:00,471
90d8d77c-4460-4529-a2d7-3f9eaadf4008,2022-09-18 19:08:00,742
06bf2a4c-d67f-43b1-8199-d6c808c71e1b,2022-07-04 03:28:00,653
c2d687a7-904a-4aa1-97ed-7681d79cb5b9,2022-12-27 17:26:00,10
714c06ca-7eda-49ac-a3a9-ee0f2f66a1cd,2022-11-25 18:41:00,465
94f929df-606f-427a-90a5-dafea929c86c,2022-12-21 15:32:00,528
5d99c886-91a3-4607-8bfc-adc1d7b2121a,2022-11-18 06:02:00,527
f00d89a1-ecff-4431-9c5e-1f8cf743f421,2022-10-25 12:52:00,900
c4c5c260-c180-4cbc-9d15-eda579a67044,2022-04-06 20:03:00,862
2cb60274-2bf8-476e-95c0-5030ca1e38b4,2022-04-17 09:33:00,57
ae70e086-0cfc-4970-9fb5-35928930e67c,2022-01-12 21:10:00,607
f52b7dda-c5d6-47ea-aa9d-3c0c8a0f8cd4,2022-02-17 20:56:00,49
1b01afeb-d102-4af9-a682-334619480b46,2022-04-15 19:07:00,480
2c0e3dbd-5f8b-459b-9c33-8c0412bcd9b4,2022-06-05 20:07:00,676
bc6cd218-037f-4883-aa3c-4b4185c262a2,2022-05-26 12:40:00,600
d6f237c2-f3c3-4888-b32e-493fcb624dce,2022-04-06 22:28:00,170
d1ab1b55-a37e-479f-9eb5-88b36cf9453b,2022-07-13 20:34:00,462
c11da74e-ed3d-408a-afd4-95016dc13fb9,2022-04-19 22:49:00,417
a76f9f9a-3ed6-4873-b23f-40268a6bcf67,2022-07-17 14:11:00,137
4d21d3c8-9943-479c-9ca9-f8d58cb0cc9b,2022-01-23 07:43:00,686
997ee230-1cb4-4eab-bff0-d88a9358e198,2022-03-18 22:16:00,225
93e29e56-a323-46d3-9577-b07500521594,2022-02-10 03:48:00,300
714c06ca-7eda-49ac-a3a9-ee0f2f66a1cd,2022-04-20 17:02:00,375
0a8cc2f6-f591-41be-b5e8-02c49bb6b04f,2022-01-09 14:17:00,509
322313b4-cfe3-4ecf-b625-52dd40f6188e,2022-09-11 23:58:00,263
279da20d-3faf-4f7b-b0cc-cc5cd9c91270,2022-12-24 12:53:00,135
210ada49-52ca-49d0-81b4-5705f8f22ecd,2022-05-22 01:58:00,506
24cfaea5-548f-4263-ad71-f7abd4986d26,2022-09-05 02:28:00,319
068c6fe5-417e-4621-b15d-da07cbf5a42f,2022-06-14 13:19:00,457
949e9f9d-536e-4fe9-a748-8daa0d1bb609,2022-03-26 02:52:00,625
26644b9c-a289-4071-886a-4c3e91766428,2022-04-03 10:27:00,603
188682a4-69a6-43fe-a44e-6474337067ff,2022-12-04 11:23:00,350
d57de2ea-00d3-4597-a005-f053410f9296,2022-09-23 11:35:00,456
c933d5d8-c6f6-4e6c-b55c-1caa5f05824b,2022-08-23 02:09:00,659
f1c9cc23-4cc6-4315-b26f-a12bee2932de,2022-04-05 06:11:00,655
f0f43ad8-d195-4837-8378-839be9fb4d25,2022-02-25 20:29:00,800
999d7f0c-0463-4339-bdf0-23b2cb966825,2022-06-01 17:47:00,791
36c67fc3-d4e4-4e13-ac5e-e54e9b092820,2022-09-19 05:15:00,925
1e11bc29-ad1e-4c0c-b033-8dd91c108419,2022-12-06 19:30:00,497
afa30be5-762b-4e7f-895d-f1d94284695c,2022-08-28 23:42:00,309
16d84dee-0005-4c31-9bc1-f62ee71e5dc2,2022-06-10 02:43:00,168
539d3727-d92e-434f-95f3-9c4338f0a8ac,2022-08-15 14:56:00,903
9fd0356b-a3b5-4c21-9bf9-b00c49ec242a,2022-04-07 03:29:00,881
c933d5d8-c6f6-4e6c-b55c-1caa5f05824b,2022-03-22 02:03:00,9
00acf2cf-861e-41f2-bf08-156278736eac,2022-01-26 00:02:00,149
66a4fffd-b12b-49b8-a5d0-861869009c97,2022-07-17 05:48:00,976
691a04af-3b45-44b7-a4f0-aa42a5b77857,2022-01-08 02:44:00,702
609c9c92-9b37-4af1-9524-36644d1244b1,2022-10-21 17:32:00,808
25003a23-3646-4fdf-a6c9-74e2f9b973de,2022-08-10 05:03:00,183
b900fdce-074d-4b33-b2dc-5325f137e62f,2022-01-17 07:37:00,895
d57de2ea-00d3-4597-a005-f053410f9296,2022-04-28 14:01:00,432
b42a215e-124c-41fe-9b1d-8c5783157165,2022-10-27 06:43:00,573
2aeee805-ebce-4821-828c-10b46e10132e,2022-09-21 23:43:00,238
68885c86-681f-436c-9a2f-d435f483325e,2022-03-12 22:43:00,344
16e0159d-9cee-4073-95f9-8facfc6d1b77,2022-12-02 03:38:00,113
0bf7bcfc-f411-4c12-be4b-b1a4b8ae454d,2022-08-10 20:46:00,331
3f1e884f-594f-465f-a75b-9400696ac5a3,2022-05-18 11:46:00,890
6520f725-27ae-4b03-a0bb-98543ba1063a,2022-11-16 03:53:00,872
d13cf8a9-c8a7-49ed-a315-27c1c05081c6,2022-11-18 11:09:00,523
53b89be8-ab2d-490b-bc8e-6a3e47073cde,2022-01-10 14:57:00,985
16e0159d-9cee-4073-95f9-8facfc6d1b77,2022-12-15 06:03:00,524
0df18f24-03b9-445f-a463-13ff26e938a8,2022-02-21 11:26:00,812
30ec25d5-b8f7-49e3-aff5-b04297878fbb,2022-04-16 07:28:00,371
ce45f09b-1126-4f69-949d-91009a076b25,2022-02-18 23:29:00,29
75fc5793-892a-4049-898d-4c4ffe846449,2022-05-15 18:55:00,699
e15fca18-31b5-4753-8f8b-1e0af5214f4a,2022-06-15 09:20:00,460
9ca756c9-518a-4242-9da7-c117586d3f6e,2022-05-12 08:10:00,871
bd20d373-370c-40c7-a274-2683f7ee3c28,2022-03-04 15:15:00,144
44e52b4f-9039-451d-b27e-4c01e6ddd288,2022-12-14 14:15:00,108
03f07bff-0613-4f6c-b28a-fba9fcb50619,2022-10-01 01:41:00,311
0ffeb293-414e-42f8-ac58-51ccffab9622,2022-07-19 17:30:00,323
61e30a20-5408-4ebd-95b4-942c47227be4,2022-08-05 18:18:00,941
94f929df-606f-427a-90a5-dafea929c86c,2022-08-25 19:40:00,569
70fae3ed-b583-4853-9c51-460f06212663,2022-06-04 22:06:00,75
f109f882-05e7-4a25-bc67-d3dcc9ba0ec7,2022-05-17 17:29:00,180
f94f41ed-e787-44fc-842b-b977d4c73bc5,2022-04-03 06:04:00,499
105c8eef-ce21-469d-81d5-fc2bb14c83bf,2022-06-02 15:57:00,274
1829b041-be01-4abd-a1ab-62f8af2885b0,2022-01-25 18:01:00,930
0dac31ee-06d8-45a5-9d3f-e4097158878f,2022-04-24 15:00:00,114
e2e78eab-130d-4804-b917-76a0a89f2217,2022-05-08 17:17:00,890
4f3633ae-38e7-4125-b599-965b7c4a7c5f,2022-10-23 14:08:00,99
068c6fe5-417e-4621-b15d-da07cbf5a42f,2022-04-20 20:12:00,520
91c03eb6-4602-4b59-8d18-85f5b594c7d1,2022-07-21 19:30:00,775
d67b5494-c4b8-4a26-b84c-a0a90681a5dc,2022-01-04 22:21:00,594
91c03eb6-4602-4b59-8d18-85f5b594c7d1,2022-05-20 20:41:00,904
6cbca30d-cd26-42d7-b766-685f2e2864ea,2022-10-27 00:29:00,596
4d15c37e-e6f2-4d1a-88b2-598b9cd555ac,2022-03-02 16:23:00,114
36854c35-4f72-4992-9e77-b01c7df0c832,2022-04-16 23:17:00,322
6aeb8b26-e054-4171-b0b9-9b701c6ad3fb,2022-08-08 14:41:00,842
9e494cb3-9165-4d24-8b68-6f5fbca2c134,2022-12-12 17:36:00,625
a1494b97-096c-46ad-880d-3592cef8107c,2022-09-03 03:09:00,351
80d38762-86c2-4572-a3ba-089c300363c4,2022-07-28 03:54:00,731
410f789b-c43c-479a-83f1-7ea1b2a6fcdc,2022-03-09 18:45:00,421
4e9032cd-b973-4717-95e9-edcf3b687744,2022-11-04 22:29:00,369
24cfaea5-548f-4263-ad71-f7abd4986d26,2022-07-09 08:15:00,790
8e97e008-8655-44d6-b47d-cac3d00a9102,2022-11-01 19:22:00,483
119cc060-9620-40fd-afb4-bd5ad71ca5ba,2022-02-12 09:26:00,53
c1d7069c-a6ba-46ff-abf0-83783bf233e4,2022-10-18 15:24:00,592
423c7fa0-6ad5-4e86-8a52-d1d2b94651e3,2022-09-20 13:09:00,972
a733c423-8634-4b2f-9758-0a82bf273c37,2022-10-28 13:46:00,339
e971d78d-f1da-49b2-a08f-d9d75235d45c,2022-06-01 10:34:00,177
11f9f5f5-1069-4f53-b460-97535c183ad0,2022-10-07 06:27:00,268
74395574-94ca-4402-8dc3-ea4146266444,2022-06-03 09:34:00,790
0c6c5223-bd16-4521-a246-622271e990d9,2022-10-19 20:38:00,876
5c05cb94-5323-419d-956f-442a4e68bc85,2022-05-06 10:09:00,856
c1d7069c-a6ba-46ff-abf0-83783bf233e4,2022-12-02 05:27:00,948
f9668b59-276e-4892-acb7-c656cfd78b40,2022-01-01 14:13:00,854
d5bc04c0-1a3e-4c13-a165-a96c55218b11,2022-12-05 01:57:00,299
eb8ef449-f148-43ec-a97e-799af0ceb48e,2022-10-27 22:15:00,846
50dfd73e-a29b-43b4-bb3b-ae87d82f2d47,2022-04-24 11:50:00,501
b02105c0-a949-44d4-a048-9f633f5be9c2,2022-04-12 00:49:00,403
5d99c886-91a3-4607-8bfc-adc1d7b2121a,2022-12-14 12:14:00,405
70961648-89a7-4078-823d-33263cb767a2,2022-02-10 00:30:00,995
200478af-4279-417f-8bf1-5f68c5e6cd0f,2022-11-03 03:07:00,180
470f95c7-8e2e-45d2-9e71-ea8b798b4869,2022-01-14 21:55:00,877
be3010a5-76eb-434f-b0d0-bc5397be5895,2022-07-24 00:36:00,577
9b35105c-f91d-4e83-99d5-9d6152321319,2022-03-07 08:27:00,918
82a95067-1ec1-4547-9a9d-a33cab94c523,2022-10-22 01:12:00,809
68dcb25d-1dab-45a3-a93a-fbdd1a286fe7,2022-06-19 02:23:00,892
322313b4-cfe3-4ecf-b625-52dd40f6188e,2022-08-06 02:08:00,632
b56512a2-9b47-4c72-8d1c-6e8754c8779b,2022-11-15 03:14:00,349
8fa23a71-f6ec-4bab-b7f9-2e4f84ce72f5,2022-12-01 04:55:00,555
c5eff1a7-86a7-47b7-9317-d170fe4a9af6,2022-09-13 07:05:00,695
a1910f3c-f2d5-46e7-b4dd-6f27b293482f,2022-03-21 03:47:00,104
90d8d77c-4460-4529-a2d7-3f9eaadf4008,2022-07-13 20:35:00,554
b1843736-c3a4-41eb-bf52-f208bd04c120,2022-07-19 16:10:00,391
9b42f556-0727-4212-ac19-2a57a73093cb,2022-04-12 05:21:00,233
c1ac5908-2da5-4c89-b611-96e9e734fa1a,2022-04-11 13:51:00,343
48c06bc8-432e-48a4-9fcf-ca89218fc86b,2022-07-05 05:22:00,470
037e8b29-2bbe-4761-b5a0-e41ffe1c5410,2022-04-07 12:19:00,119
6676913e-9492-48a0-96cf-b38c7a16db5b,2022-10-26 17:24:00,291
e8bdfe58-a08c-4c55-9f68-72e73bfded46,2022-05-09 16:21:00,338
c2f574f4-0a85-4158-b577-6d0204cacbbb,2022-04-09 15:36:00,300
306ccdf6-c372-45ec-8e4a-7f7f24b48236,2022-07-17 20:43:00,954
6f67297d-2dd9-4334-b96e-f3e766fc6788,2022-05-22 23:54:00,846
dfe8b5da-40b8-43cc-b0b9-2389940765ec,2022-06-18 18:58:00,492
7e12b067-1252-4fa0-a277-2496a5a2dffe,2022-07-05 00:32:00,549
fd58e5b2-5bf2-4992-8a68-0c5ce371e809,2022-04-28 12:07:00,458
7d699102-c777-4e2c-8ba7-fcaeabc9761d,2022-12-13 02:02:00,63
0e4970f4-18ee-4b53-bc54-7bc0ef673bc6,2022-02-21 08:15:00,543
e90cf82c-a8da-4d86-9deb-e553ac74333f,2022-01-22 03:18:00,116
e905e685-cf11-45a2-bc16-10c357e06ecf,2022-06-03 10:48:00,57
62797b93-e31a-47d2-a7e2-70fd85afa0f3,2022-03-11 00:30:00,952
d5e8113c-d20a-4637-8bef-30a2a1c9df4c,2022-03-18 11:11:00,833
83b1548a-1031-467b-9c8c-3a637612761e,2022-06-10 16:46:00,576
7a052e63-bc57-49f3-9c0b-daf08da8ee8a,2022-01-28 07:24:00,470
24cfaea5-548f-4263-ad71-f7abd4986d26,2022-08-07 09:26:00,767
726759ee-199d-4fe4-9d17-3f6e900e95f4,2022-05-12 18:00:00,254
3d99a706-4562-4830-afcf-2ffedcfffd7f,2022-01-10 18:49:00,711
437bfc2b-a9ee-47f5-9d4d-cd1cf4444b72,2022-12-25 19:21:00,331
9b19fb19-c938-40aa-883f-0f618996346e,2022-05-23 18:05:00,189
b1bba2a4-5d56-4a52-8686-8de21e9c9bd9,2022-01-11 10:48:00,617
7437108d-53c8-4e10-80ab-37d346647b89,2022-10-02 02:22:00,742
d4fd026b-4dd4-4a85-9c85-59bec391993a,2022-07-04 21:26:00,449
8cbb4f69-8102-479c-ba89-0f3481963323,2022-04-23 05:23:00,112
fdda8ea3-402f-4d04-a2e6-2a2390d688b4,2022-10-26 14:00:00,118
8cbecbb3-02ff-4123-a89f-4150bd6a0683,2022-04-27 22:29:00,284
d5d50bfe-6ac2-44af-b3ae-645b2f519cc0,2022-12-19 02:00:00,903
bd9676d5-4338-4757-9a31-264c95456531,2022-12-15 08:17:00,285
e20b1794-7da7-41da-818a-bb05c05e51ab,2022-07-19 22:49:00,874
db38f0bf-decf-47ba-9a50-6fc940d23231,2022-12-01 04:43:00,800
1e11bc29-ad1e-4c0c-b033-8dd91c108419,2022-01-22 05:10:00,380
ae500f83-1938-4342-8227-91ae5b8f6df9,2022-04-07 09:39:00,715
5d8903f8-548a-4c3c-9c22-f715d2ecf653,2022-08-27 07:24:00,268
ca282855-db0f-42cd-bb3b-377766a29d88,2022-01-08 01:34:00,437
d0b70585-e9e3-43db-98ff-5a8608fc18ce,2022-07-23 10:40:00,796
65dde286-14aa-4e80-9677-533b6d6edabb,2022-06-02 00:07:00,44
1d917b28-9b0f-4642-b9be-7dc7372a00cc,2022-09-05 21:30:00,162
edea8233-749f-43d9-a3e4-104d107927b2,2022-04-09 11:47:00,154
9e494cb3-9165-4d24-8b68-6f5fbca2c134,2022-06-12 15:22:00,247
5b0cc0a3-7c7e-4887-a28c-d607fc54abe2,2022-08-27 03:00:00,599
be53de53-c0c4-442c-89ed-d53d844f6279,2022-02-09 21:43:00,988
ad81285c-ea40-4363-befc-f00d83f2f3ff,2022-02-13 15:51:00,897
d0713439-de57-4e8e-a24e-749fd8140b83,2022-04-15 22:49:00,285
afca7296-2d0a-4593-891e-8c5694b7ef0a,2022-09-15 06:57:00,952
69c1326b-ecba-4070-98de-bd74ac607232,2022-08-08 23:01:00,342
90d8d77c-4460-4529-a2d7-3f9eaadf4008,2022-02-24 15:41:00,327
4c68f6a1-1490-48eb-829e-cb7ca4f48daa,2022-01-25 09:09:00,485
36d68b7d-66ba-43b3-8371-a10b6297e155,2022-05-18 21:17:00,360
101379c1-a106-4e81-93ad-04fcf251107b,2022-10-09 12:55:00,774
6de2a3d3-02aa-4e0e-b014-b3b72768474b,2022-02-27 08:08:00,174
3b76d45d-8441-4c62-b776-8a6edae77f23,2022-07-21 19:09:00,275
61e30a20-5408-4ebd-95b4-942c47227be4,2022-10-19 02:46:00,596
7c04f8e7-5a22-4418-b539-8b6699a6c05f,2022-05-19 06:36:00,145
150eeaa9-8c11-4019-8df5-32b5160be818,2022-04-24 16:03:00,379
36854c35-4f72-4992-9e77-b01c7df0c832,2022-08-26 06:32:00,87
35e07034-4998-499b-b08b-e80f5735f319,2022-11-28 03:27:00,337
993efd14-f623-4e3d-8b49-61c49674dcfa,2022-07-18 03:24:00,772
82a42cdc-f4f3-4eba-8a2e-73d0c163aa44,2022-02-01 04:01:00,742
b7bbe4eb-8c9a-4801-a09b-6b26049f4c7c,2022-10-23 06:01:00,140
c27b09cb-cd98-44c1-bc72-37b2eb910540,2022-11-28 22:52:00,112
aa6c55a4-d9f6-4a72-bf0f-0ed4d4a7ea78,2022-09-01 10:12:00,861
215280d4-6745-4488-9797-f0969d359deb,2022-08-11 09:47:00,915
f61190d4-0562-4e8c-a485-60a9e59bb6ff,2022-10-14 18:35:00,269
811b1005-dbe5-4195-8f22-a2748ead1bf3,2022-07-11 04:55:00,433
6cc5da16-d9a2-45b6-96fa-4115d7890784,2022-09-06 05:18:00,566
349810b2-a366-4a71-832d-20cb2672904e,2022-03-08 07:08:00,922
330dfbb4-7268-482c-8e64-95c184fab112,2022-03-01 05:20:00,557
8d46a423-e16a-4b14-9144-8d988db8404a,2022-12-13 16:54:00,901
18dace83-2437-4877-bd60-5e833d89efc3,2022-08-02 16:05:00,59
4d880857-bdd4-46ce-a518-72553a9487e0,2022-03-09 15:43:00,756
656e9c9c-aedf-42a4-b4dc-280ba9388d19,2022-03-04 06:36:00,27
8244086a-8dfa-4770-a37c-72ee441d8e0f,2022-03-14 05:58:00,786
c27b09cb-cd98-44c1-bc72-37b2eb910540,2022-04-27 23:24:00,338
9d1b1a90-48ee-44fa-b543-891c4eb22d10,2022-10-01 18:18:00,72
5c488dad-1f56-4a3d-98cf-d450e6d812ff,2022-08-15 08:59:00,51
15c7112b-6c92-4764-92e3-be3cbebc98a6,2022-02-23 03:46:00,545
1301ea8a-1f00-4f56-967a-7c1391d337d9,2022-07-02 01:15:00,149
97e62ccc-4ff0-4ec2-b358-c94393928d3d,2022-11-24 05:15:00,865
970dead8-4fdd-4ddc-8d25-928286853800,2022-06-02 01:02:00,674
c9031467-31b8-4a4d-917a-5d08cd401e04,2022-05-16 05:55:00,221
6b22d302-cf1f-4852-883f-9d9cee89b5fd,2022-05-04 12:14:00,996
9cb502d8-a505-433e-8114-95e63642346e,2022-05-27 15:53:00,652
2bf83dbb-d1be-4e7f-a5d8-372dd295041a,2022-09-04 05:18:00,862
23567aaa-b6fd-4ee0-b2b2-3480861e4ba6,2022-08-08 05:49:00,500
17199b6d-e1d0-416f-8186-13238afc2c52,2022-05-22 01:35:00,344
0626366e-8d6d-4d37-8500-e8a5708e7ca0,2022-06-05 13:26:00,419
4657c91d-89a9-44af-8220-ecc041eb8efb,2022-11-26 04:27:00,158
5b0cc0a3-7c7e-4887-a28c-d607fc54abe2,2022-09-16 15:55:00,553
2f93566e-89af-42ca-91d4-a81666fa7196,2022-05-02 04:25:00,230
bf467fd1-234d-46db-993e-264647acebd1,2022-05-28 01:54:00,960
145b0bcf-d3f7-4d5b-a160-72e9b3ad5a32,2022-12-11 23:40:00,417
f94f41ed-e787-44fc-842b-b977d4c73bc5,2022-07-01 06:05:00,469
1269c77f-548b-4183-9ba6-35f2f182418d,2022-12-20 05:26:00,698
88712dc5-2d69-4ec3-8fbc-9681332e0734,2022-05-06 23:14:00,43
cf8cb7ad-5422-4b6f-bd76-6473f9575778,2022-11-15 11:28:00,914
c43cac4b-0ffc-421c-abd9-68ff786f2b02,2022-02-26 05:01:00,881
916737ec-1deb-4195-a537-1869dad55267,2022-11-09 03:56:00,368
d42c01c5-8b50-45b5-a8b8-6cd3e54dbc90,2022-05-12 07:19:00,506
9fab8f22-1fd3-4b25-95dc-1ffab4296d75,2022-05-24 06:27:00,646
63112ce7-05da-443b-a0f8-68ca7f3febe6,2022-11-15 03:15:00,757
32a66636-a2a6-44a5-a322-c9e35e4e38d6,2022-11-06 14:46:00,650
d4d6ac42-0af0-4660-a4f5-ae7295f7a9b2,2022-08-19 03:29:00,123
61e30a20-5408-4ebd-95b4-942c47227be4,2022-05-07 07:36:00,317
33f03a87-cd76-4283-94bd-9fa57f5aaf97,2022-10-17 05:06:00,625
44e52b4f-9039-451d-b27e-4c01e6ddd288,2022-05-18 15:30:00,985
2db55404-8e6d-4df8-98fa-d012582a0990,2022-12-16 09:08:00,969
b42a215e-124c-41fe-9b1d-8c5783157165,2022-10-26 23:49:00,249
242cf407-da16-49c8-8aef-1cc38b80f979,2022-05-28 19:02:00,215
1301ea8a-1f00-4f56-967a-7c1391d337d9,2022-05-01 06:57:00,970
e26a944b-07da-4b6e-aecc-e3c5b7812333,2022-12-04 07:23:00,615
21a6d8c7-e67d-454c-8e7b-a1bce9221cff,2022-12-02 03:13:00,825
533ecf2b-4171-42cd-9d76-4215a772101b,2022-11-01 23:14:00,108
0bfe2bb5-ca8f-4c1f-a8fd-80b7ec3540cc,2022-12-06 01:04:00,731
ccf67d63-8f0d-4b39-8075-200cf4248747,2022-07-28 11:38:00,203
63921893-2dd3-4ea0-9255-1a363df213b1,2022-01-27 11:45:00,948
437bfc2b-a9ee-47f5-9d4d-cd1cf4444b72,2022-07-06 02:55:00,358
e645a642-b818-4e5d-9308-30f476856221,2022-06-16 05:44:00,736
ffad0c6b-de4c-4307-bda1-2a0ce7f61b97,2022-02-04 00:34:00,803
c1ac5908-2da5-4c89-b611-96e9e734fa1a,2022-03-26 22:17:00,173
5276bbb0-e3c0-41dc-ad1a-44dead8b9092,2022-10-23 20:19:00,787
58761ccb-c5cb-4241-a330-6f94fa537295,2022-10-26 16:54:00,591
842d8fea-1174-4926-9ebc-db48c78cdd76,2022-11-09 06:41:00,668
0ef05130-a4b7-4a0e-8e5d-cc61d7423e45,2022-10-02 19:27:00,405
2b3d15dc-5577-49dc-92b3-12ff67391ae7,2022-12-28 08:15:00,807
d13cf8a9-c8a7-49ed-a315-27c1c05081c6,2022-02-25 16:57:00,525
b4586d89-ecde-4c11-b640-f2ad74bb8f8d,2022-07-10 23:30:00,754
bdae0b02-a8f3-48b8-ab0a-d259216bc95d,2022-11-10 22:31:00,440
292d833a-5bf3-44e0-b78a-768bf46a0c75,2022-07-12 02:22:00,119
19b0c0ee-acc0-40de-906f-7125478451ed,2022-08-17 10:40:00,337
b13f8fe1-022e-4be2-a458-745a3adc4ce7,2022-12-04 08:36:00,50
bab6124c-9791-45cf-9e65-6ca6bc333bf3,2022-01-11 08:15:00,147
8cf2f249-3a98-426b-b63d-e1c44e774fcc,2022-05-22 21:16:00,560
bda72bb1-8c9d-4c30-b9d5-a685ff9400f3,2022-11-01 16:38:00,841
6ee8ac14-d47a-4c78-a4c7-150fa9bb2164,2022-01-22 00:33:00,302
a07a4264-4392-424f-b0a4-44d0a8f04030,2022-04-16 00:23:00,743
cce2b2a5-6c55-48fd-9ec4-bfd69320d729,2022-09-19 14:27:00,717
32e56f54-ea89-4531-b5dd-e6d53f8e9ce5,2022-11-19 03:29:00,604
9cb8f97c-c5de-46b5-92c7-0afdd8f79bd3,2022-01-06 01:12:00,897
a7a32a1f-173a-4b25-b6aa-10dd572797cf,2022-05-26 23:53:00,293
cfeaaa17-2a22-45ee-a253-92f5ebf73fad,2022-01-23 05:35:00,289
21a6d8c7-e67d-454c-8e7b-a1bce9221cff,2022-10-18 17:37:00,324
6d5f445b-93f9-411c-bef9-f144185be982,2022-03-23 00:57:00,151
533ecf2b-4171-42cd-9d76-4215a772101b,2022-12-16 05:38:00,788
9e991230-bb06-4db7-9022-23c0637171e1,2022-04-08 11:43:00,339
101379c1-a106-4e81-93ad-04fcf251107b,2022-07-03 00:40:00,883
d4fd026b-4dd4-4a85-9c85-59bec391993a,2022-08-09 13:42:00,878
4e9032cd-b973-4717-95e9-edcf3b687744,2022-02-24 20:30:00,835
9d3b3d92-ac87-4c9f-8666-fe81a3d41325,2022-02-19 07:16:00,636
30fad041-9100-434a-8702-42d6182afeed,2022-11-19 03:19:00,908
242bdf42-0e93-4f52-ab4c-e95e6400f054,2022-02-10 07:53:00,645
3582e472-6dcc-4cb4-98a7-bf47a88585f3,2022-01-18 11:53:00,762
ccf67d63-8f0d-4b39-8075-200cf4248747,2022-07-26 06:41:00,3
6520f725-27ae-4b03-a0bb-98543ba1063a,2022-07-04 10:43:00,196
bb154571-d9ba-4e2e-83fb-5c850531e84b,2022-04-21 18:34:00,16
1269c77f-548b-4183-9ba6-35f2f182418d,2022-07-15 20:37:00,838
61f1f508-3817-4495-a3c0-bffd2643e1c2,2022-10-06 04:35:00,707
917d29e8-6878-4ac8-baa3-f2fabeb5697b,2022-08-06 22:57:00,728
2cf9b080-4ea3-4704-af07-7cd2a5e73ddd,2022-12-13 03:13:00,177
0fa21053-77ee-482d-ad0a-736c9daeda33,2022-05-23 11:35:00,780
9be0de59-b577-4cbc-970c-2a99ae101ede,2022-12-20 01:25:00,430
3f62aef9-fb59-4219-a828-d1b181a1e878,2022-01-02 11:00:00,187
2b939435-5cf6-40b2-86ad-23b83632a258,2022-06-17 05:03:00,655
0d629a65-4a8c-482a-9fbc-edafcbdaf309,2022-07-13 05:11:00,625
f4adb532-10d6-4312-83c3-357c02a1415e,2022-09-17 08:29:00,671
62a9a369-b21c-4add-b7eb-908a2e424cc7,2022-11-15 19:24:00,563
c17aeb83-fa0b-43d6-a7d2-a68fd9bdf05b,2022-07-06 19:53:00,667
16e0159d-9cee-4073-95f9-8facfc6d1b77,2022-05-27 14:50:00,564
234c2d6e-9d7f-43e4-acb4-62a291bda77e,2022-10-20 07:25:00,879
de1eff76-0c80-4fa8-b1e7-d2e4eed85042,2022-08-05 18:42:00,397
2db55404-8e6d-4df8-98fa-d012582a0990,2022-10-25 19:25:00,98
e5f3508f-0ffd-4333-bdc1-af5e40cb1fcd,2022-07-04 22:00:00,117
44bfae24-d5e1-498a-a20d-57ecbe0162b3,2022-07-13 08:00:00,672
1d1aa6f9-68c4-4cea-8947-39b113b25c21,2022-03-18 09:30:00,46
d57de2ea-00d3-4597-a005-f053410f9296,2022-01-17 01:11:00,733
db7c4000-db88-4cf3-a8c5-7e6d0b0505fa,2022-09-02 23:47:00,206
fb18f7c2-b6a3-40b9-920b-34cd5f63add3,2022-05-13 05:25:00,981
4aa2fcb5-5d91-4055-8a6a-e10138eb7160,2022-12-09 10:04:00,104
50806f75-4d6c-4e5d-8c8e-c06f68d56f62,2022-04-17 04:04:00,698
c557b4b9-d45a-4565-b8fa-317503d5a5d2,2022-03-04 18:08:00,281
d80503a6-35df-491c-bfa5-9afd912c0ea4,2022-09-24 04:36:00,342
b06a71c7-3702-4abc-8f71-d6cd83da271d,2022-08-03 23:50:00,371
006e27ce-40de-4f62-bbec-30579a0b0957,2022-04-12 04:33:00,605
db7c4000-db88-4cf3-a8c5-7e6d0b0505fa,2022-05-18 03:55:00,309
0ba301dd-844c-42be-b75d-b79f34b05d7c,2022-10-23 13:58:00,991
033f193e-c39d-49ad-9245-9e26687459fd,2022-06-28 09:07:00,685
b5989b38-c13d-4674-aa43-d857d9d2f829,2022-03-25 23:58:00,535
f969da3a-8a09-4e62-954d-13b4b7df85f5,2022-01-19 06:10:00,838
24cdc0d3-e04b-4ead-bce6-1e43d7a46bfc,2022-07-05 09:42:00,989
75027f48-e30e-47f0-b213-84de4833cfed,2022-03-08 00:29:00,274
db38f0bf-decf-47ba-9a50-6fc940d23231,2022-08-10 06:52:00,37
a35c4ec9-7e5c-438a-8dd3-325e3d9a0ca7,2022-07-23 09:50:00,882
46fd9b59-db91-450d-990e-09c0a50b00a2,2022-12-06 21:55:00,357
889a14f6-3bbe-41c2-b618-f4838bb8ab46,2022-09-27 03:16:00,119
9ca756c9-518a-4242-9da7-c117586d3f6e,2022-03-08 05:15:00,941
72099132-01ff-4173-a985-fe5bad29f94a,2022-06-08 03:55:00,560
066211ca-c460-4b79-b642-196151d400ec,2022-11-14 08:01:00,892
1b1d619c-8163-4380-b17f-af5f967b5a8c,2022-05-14 04:44:00,194
79c33a1b-7cb5-413b-812e-f8c30b5e0e11,2022-11-11 10:32:00,571
46fd9b59-db91-450d-990e-09c0a50b00a2,2022-05-05 18:56:00,815
02e60926-872e-4688-9f51-ae85f7521811,2022-01-02 17:35:00,150
fa09a315-8552-4ebd-af2d-22701bdca2a8,2022-09-25 10:01:00,720
997ee230-1cb4-4eab-bff0-d88a9358e198,2022-12-13 21:07:00,990
6f313290-1438-44af-9af0-0c5fc02707e1,2022-12-10 00:43:00,206
1dce1634-876b-40de-852b-b0069e25a2c3,2022-01-03 21:36:00,503
691a04af-3b45-44b7-a4f0-aa42a5b77857,2022-11-07 22:14:00,531
feff5b4a-e541-4efb-bece-c3546e80a944,2022-09-08 16:47:00,574
9c772007-f1af-49d8-a7e2-e8cb933b96c7,2022-01-09 01:35:00,347
949e9f9d-536e-4fe9-a748-8daa0d1bb609,2022-11-16 19:17:00,433
37b8f9e4-eb6d-4670-85fc-dcba9dceb76c,2022-03-05 01:20:00,352
410f789b-c43c-479a-83f1-7ea1b2a6fcdc,2022-09-28 10:30:00,382
ce228871-3da3-4c2e-a5ca-513797167e20,2022-04-13 00:50:00,659
40395d40-1bf1-40be-9b9e-a5a63f856d7b,2022-02-10 00:33:00,452
a07a4264-4392-424f-b0a4-44d0a8f04030,2022-11-20 09:30:00,810
cffa3b9a-8ed4-411f-b0c7-175e0aa4a4b4,2022-10-21 19:57:00,480
03f07bff-0613-4f6c-b28a-fba9fcb50619,2022-04-28 06:02:00,20
bfa0e832-e775-483d-b039-8cb93dd107c9,2022-01-15 14:27:00,59
349810b2-a366-4a71-832d-20cb2672904e,2022-07-10 18:49:00,326
0b9dc561-7387-4bda-bda8-0d22c08d78ca,2022-10-13 07:51:00,126
26e67a5c-45bf-4213-ac14-7edf59038c68,2022-03-17 11:58:00,356
496181c5-1c0c-4b75-b0a3-7622984b66b4,2022-01-23 07:17:00,990
29e9bd38-2560-40e9-b7df-36f0b4efa08a,2022-11-21 01:09:00,284
7c6a4311-4514-4cea-8721-c6723274ba35,2022-03-15 08:08:00,176
a7d644ab-84de-40b1-9a46-653c466be0aa,2022-10-28 13:57:00,538
e5d271d3-b939-40a1-b427-5913d6a18450,2022-01-26 21:05:00,182
8c3bf3ec-3422-4aa3-916c-68ed7ec25db4,2022-02-17 03:41:00,484
a6810c53-b991-4e9d-9856-34b1723f84e1,2022-06-05 05:17:00,178
8cc72f69-4fec-4709-bd1b-fab3c4bed4fd,2022-07-03 14:32:00,149
934020f5-40c6-4dca-81d1-2029d72b495d,2022-12-28 18:10:00,305
cffa3b9a-8ed4-411f-b0c7-175e0aa4a4b4,2022-11-27 17:13:00,947
09dd2124-1ee8-49e3-a629-1baf4dc5d815,2022-10-04 01:25:00,657
4d15c37e-e6f2-4d1a-88b2-598b9cd555ac,2022-03-10 22:29:00,978
601cc44c-9b87-4e2a-8846-cc478094e8d2,2022-07-04 18:04:00,766
e6398679-9722-4f92-b7f7-7789ce1db9ac,2022-07-08 00:19:00,69
67aa09aa-61dd-47e4-8b8b-6a9fb9349919,2022-12-01 17:40:00,641
f4af7028-11d8-48f0-949f-67aaa1e905f1,2022-05-19 09:08:00,368
be86e875-81e8-4948-a070-df5442eb2640,2022-03-17 09:43:00,659
6307891c-1383-4496-8d1f-785f23dee356,2022-08-06 21:26:00,892
48c06bc8-432e-48a4-9fcf-ca89218fc86b,2022-09-15 06:36:00,248
ea8beff0-10b9-41de-9b0c-98cb0e742ec0,2022-04-04 00:12:00,224
c71ce811-8083-4bdc-830f-dfee23c5a168,2022-03-28 15:30:00,600
656e9c9c-aedf-42a4-b4dc-280ba9388d19,2022-05-13 11:22:00,806
fb5d4193-362f-4677-b49f-9597ea79bdfc,2022-02-04 17:56:00,92
8829f3b1-154d-42be-a82d-bd3466b9f099,2022-03-27 21:42:00,642
6ee8ac14-d47a-4c78-a4c7-150fa9bb2164,2022-12-01 07:22:00,175
e020e911-2991-4dff-8a86-61fe0cf4cea9,2022-03-09 16:13:00,933
7e12b067-1252-4fa0-a277-2496a5a2dffe,2022-06-16 20:04:00,53
6676913e-9492-48a0-96cf-b38c7a16db5b,2022-10-18 18:56:00,624
f15eff8b-3681-42fe-9bf0-8ac1b10e8cd0,2022-06-17 15:48:00,217
5e3887e4-cb27-4f24-8719-fb6ccd581884,2022-06-01 04:50:00,877
8834e326-de9b-431d-a558-b5686d6f2365,2022-06-24 05:22:00,558
23bd0533-6675-4353-b5f0-c998b1bb6d03,2022-04-17 13:28:00,544
0c6c5223-bd16-4521-a246-622271e990d9,2022-09-07 06:09:00,857
dde77d56-c47a-4c39-99ab-2777637cb63e,2022-06-08 15:51:00,354
a00e223e-94bc-43bd-9ed2-c94751eb4be8,2022-04-11 22:33:00,934
b9ea7f22-c79b-40fc-a344-ddb48ab4f933,2022-01-11 13:38:00,281
2cb19ccf-5791-4c74-a49e-7ee9aad5b795,2022-11-06 20:04:00,852
8b8d1f42-cd46-4714-8954-28d6cfdfb19d,2022-02-17 05:31:00,291
207338b0-5750-4f98-9872-8d43398e1851,2022-11-16 11:08:00,801
bb0038c0-8767-48e7-a5b3-43f8371889fc,2022-07-12 14:23:00,825
d42c01c5-8b50-45b5-a8b8-6cd3e54dbc90,2022-10-05 00:06:00,293
42503fc8-e9de-4836-8ae8-25fc19888a73,2022-01-08 21:13:00,539
79222eac-b410-44a8-bae2-df940397d665,2022-06-20 17:06:00,27
d0713439-de57-4e8e-a24e-749fd8140b83,2022-03-09 05:09:00,299
d1ab1b55-a37e-479f-9eb5-88b36cf9453b,2022-11-01 23:19:00,704
e65232d9-53a0-4e6a-9c3f-102aa667de50,2022-10-05 13:50:00,263
1b5b45ad-c9d3-4bbe-9202-d11e95d62827,2022-01-09 05:54:00,902
3d070d76-542f-46c1-a8a9-e9dfd1a68fcf,2022-08-12 07:18:00,221
6b0a1ea8-93c3-4f45-83b9-1644d518f175,2022-09-17 01:05:00,713
2d9870d3-5ba1-4b28-bcbf-0fd7d4718a2f,2022-09-02 14:22:00,638
b642c2af-b359-4669-ab41-9f70121e58fd,2022-10-19 12:23:00,111
32967fd9-5773-4548-a2f3-47512168085b,2022-06-05 20:40:00,575
3582e472-6dcc-4cb4-98a7-bf47a88585f3,2022-11-14 20:02:00,414
8531eb70-4b01-4025-bee0-96424533ba0c,2022-05-14 01:07:00,450
cc25ffe2-f9a5-49a6-96ed-0b234b139e43,2022-10-19 15:52:00,900
b02105c0-a949-44d4-a048-9f633f5be9c2,2022-07-03 07:59:00,133
08dec503-2b7f-4d25-9388-7e7dbdcd7797,2022-03-02 03:22:00,156
999d7f0c-0463-4339-bdf0-23b2cb966825,2022-06-03 19:22:00,936
eb53898e-35ef-4258-975c-02f880a7227f,2022-08-05 06:00:00,681
e6bffbf9-6046-4200-a8c0-81a370d9b9c1,2022-05-23 08:49:00,959
3d23be3b-cb85-478b-b887-de9b963b6af9,2022-03-22 17:34:00,220
e2bac5e4-1423-49ae-a594-a2a422ee0b01,2022-06-18 05:10:00,657
1fbd0c72-32a9-4819-8aae-32fe497bdf5a,2022-07-15 21:12:00,521
49154f12-2301-41e0-9c53-07e3f29156c0,2022-04-27 07:04:00,50
88712dc5-2d69-4ec3-8fbc-9681332e0734,2022-11-12 04:15:00,231
200478af-4279-417f-8bf1-5f68c5e6cd0f,2022-05-27 00:18:00,478
02edb841-e00d-400d-a2a5-f6f5e87e42b2,2022-04-01 20:34:00,308
63112ce7-05da-443b-a0f8-68ca7f3febe6,2022-09-06 17:49:00,918
75027f48-e30e-47f0-b213-84de4833cfed,2022-06-14 09:39:00,222
b913fbb9-4943-4d78-9663-4c90331f6184,2022-07-12 14:15:00,150
0f2a01ba-923a-44e5-a192-6a4db33c3b8c,2022-03-28 00:58:00,366
36c67fc3-d4e4-4e13-ac5e-e54e9b092820,2022-08-01 14:31:00,878
612f69d1-5b86-4291-9466-6723bc9b161b,2022-12-27 00:41:00,873
469c78f6-2ac8-43f6-a965-1abb3ac38ec1,2022-12-13 12:00:00,98
b5713e5d-674e-4567-bce1-5a04b2b86e5a,2022-02-21 04:49:00,80
5a1c9c22-2b49-4702-b4eb-3432749e305a,2022-04-04 23:22:00,153
74395574-94ca-4402-8dc3-ea4146266444,2022-09-03 08:26:00,316
609c9c92-9b37-4af1-9524-36644d1244b1,2022-11-14 06:42:00,512
97e62ccc-4ff0-4ec2-b358-c94393928d3d,2022-07-16 19:07:00,383
26e67a5c-45bf-4213-ac14-7edf59038c68,2022-11-28 22:15:00,821
b238cf65-7339-48aa-8b8a-2c33625e0adb,2022-07-21 18:34:00,872
57b9d5ba-e42d-4f07-a9a3-9df1bb3a84f8,2022-01-03 19:56:00,825
d67b5494-c4b8-4a26-b84c-a0a90681a5dc,2022-08-08 22:37:00,199
6c22fb15-ff78-4148-927d-67899877aa2d,2022-05-06 13:54:00,1000
1f2b1237-c08a-4954-a1bd-32f74fc61cfb,2022-03-25 17:18:00,83
be90bf68-a164-4549-a4fa-1dd591fcaca9,2022-02-12 02:30:00,586
4d15c37e-e6f2-4d1a-88b2-598b9cd555ac,2022-12-02 20:59:00,694
1cba7c2d-1dec-461a-af53-4f5ac78050c7,2022-12-23 16:05:00,388
9e991230-bb06-4db7-9022-23c0637171e1,2022-05-04 19:11:00,228
9e74928d-c6f7-4436-a895-8e0fec72f7cf,2022-04-07 21:52:00,544
88d748af-520e-45b7-913e-16961be1a424,2022-04-14 03:36:00,856
a63676d7-53ef-4b1a-86dd-9e32c6b48a75,2022-05-06 16:36:00,788
e583012d-e01b-432c-901a-712df68dc05f,2022-10-04 17:19:00,536
646d4736-74c7-43fe-b3d8-76c90444b94f,2022-01-19 17:13:00,810
916737ec-1deb-4195-a537-1869dad55267,2022-04-18 11:24:00,532
ce926bdd-a22a-476f-b085-6f318b48d96c,2022-06-19 21:28:00,944
91c03eb6-4602-4b59-8d18-85f5b594c7d1,2022-11-20 13:06:00,230
ea64881c-0e68-4f18-9930-b07f2c7daba8,2022-08-17 08:37:00,630
f7e95aee-8cf2-49b5-a009-fb11d8a167a0,2022-07-26 07:50:00,244
19ea0f16-e67f-4360-9609-3120fea00cb1,2022-07-02 21:24:00,612
33ae5f16-54bb-443e-853d-194555859e94,2022-12-04 06:04:00,163
5b28c61c-d43c-4224-aa85-05e94bcfc0f5,2022-04-20 06:49:00,937
5ad31ab2-a3c3-44d6-ac99-30016efb5d92,2022-10-09 07:03:00,524
ec059983-7326-448d-94d8-24158ee3f3df,2022-11-13 19:56:00,609
edea8233-749f-43d9-a3e4-104d107927b2,2022-01-17 03:41:00,140
26e67a5c-45bf-4213-ac14-7edf59038c68,2022-10-27 16:36:00,496
ffad0c6b-de4c-4307-bda1-2a0ce7f61b97,2022-09-27 20:09:00,540
cf6c0041-8a2b-43de-82b7-5e4765737090,2022-07-14 17:02:00,572
57bbf67b-6cfc-4896-8e94-8ad36b37b8a1,2022-09-14 06:50:00,921
90efcdf2-86eb-406f-8084-0960c94314f4,2022-06-18 19:04:00,577
5d99c886-91a3-4607-8bfc-adc1d7b2121a,2022-07-04 10:34:00,692
2cf9b080-4ea3-4704-af07-7cd2a5e73ddd,2022-09-10 17:11:00,700
9ca756c9-518a-4242-9da7-c117586d3f6e,2022-11-18 01:30:00,862
67ca0f83-a809-44b2-896d-42325be0c66f,2022-08-24 19:55:00,364
54bf982a-578c-4e9a-8332-62a931e6dc12,2022-07-19 05:58:00,904
f1c9cc23-4cc6-4315-b26f-a12bee2932de,2022-04-14 21:00:00,94
247fd373-e85b-4c0a-aaa4-b3c96ca579b3,2022-03-22 09:32:00,384
ef30c20b-44b1-4ed6-ad73-d6327c74d296,2022-05-26 17:39:00,244
e020e911-2991-4dff-8a86-61fe0cf4cea9,2022-07-03 19:27:00,486
8a048a79-0828-49a5-8a40-149aab396c8e,2022-08-25 22:08:00,128
3f62aef9-fb59-4219-a828-d1b181a1e878,2022-01-14 01:37:00,197
9b42f556-0727-4212-ac19-2a57a73093cb,2022-11-11 19:48:00,471
8829f3b1-154d-42be-a82d-bd3466b9f099,2022-10-16 06:42:00,467
93cb7a5b-07d9-46b9-a195-9c8c9ba39a1b,2022-03-23 05:27:00,154
601cc44c-9b87-4e2a-8846-cc478094e8d2,2022-03-28 21:11:00,179
1b1d619c-8163-4380-b17f-af5f967b5a8c,2022-06-24 08:21:00,937
8cc72f69-4fec-4709-bd1b-fab3c4bed4fd,2022-02-07 10:48:00,66
1c8ac83a-5688-44be-bb51-5f8d0edefbbb,2022-04-22 11:30:00,779
635740c6-49df-4e5d-ac03-fc242fddcf1f,2022-11-03 17:00:00,859
82a95067-1ec1-4547-9a9d-a33cab94c523,2022-02-26 01:04:00,406
48e3dded-0b51-4ac6-803a-1267d4f7a52e,2022-11-17 12:31:00,183
bd20d373-370c-40c7-a274-2683f7ee3c28,2022-06-07 05:06:00,979
a5b2fe24-a8b1-4cfa-a0c1-ba56278a123b,2022-10-28 23:20:00,25
ae752f92-f749-4b7d-9103-4230e8757133,2022-11-17 16:42:00,226
3f8f306f-df80-4a07-b158-dc5007f0bab9,2022-10-08 16:40:00,743
b3f2c183-2b51-46cd-939f-3c9edbd5435a,2022-12-25 14:31:00,147
69fedba4-b490-4f36-bf85-bb3bb083e0cc,2022-09-01 11:47:00,465
2734fc76-db3c-4ef4-b6fe-57398170befe,2022-05-16 03:20:00,828
699d8123-a583-479b-aaf0-642d5ee0f6b4,2022-10-08 09:51:00,627
39214150-0096-444b-9a14-6e0382046d90,2022-07-28 14:11:00,21
cfeaaa17-2a22-45ee-a253-92f5ebf73fad,2022-11-13 18:21:00,550
bce0b5e2-92bb-4034-8aa7-648423ac9f3e,2022-12-28 17:58:00,356
c915e54b-10f8-4779-be8b-8e1db05ee922,2022-11-04 21:04:00,460
be53de53-c0c4-442c-89ed-d53d844f6279,2022-11-20 11:55:00,124
72c8915b-9121-4e9c-8c92-fae102ac987a,2022-02-16 00:36:00,96
6f313290-1438-44af-9af0-0c5fc02707e1,2022-08-17 17:06:00,664
22f5ab9a-cac1-428f-a269-6ea6ca111201,2022-05-23 17:23:00,793
204f0e2b-4b7e-4987-96e4-dc002cae5a8a,2022-08-24 21:41:00,136
6ee8ac14-d47a-4c78-a4c7-150fa9bb2164,2022-09-17 05:46:00,915
fdda8ea3-402f-4d04-a2e6-2a2390d688b4,2022-09-11 16:26:00,867
8c836053-1a61-4437-9682-29809542f335,2022-01-27 23:07:00,156
9d1b1a90-48ee-44fa-b543-891c4eb22d10,2022-06-24 17:31:00,393
fc8e11e1-3543-4a9a-b3c7-be8a51c910f9,2022-04-09 14:20:00,467
2f93566e-89af-42ca-91d4-a81666fa7196,2022-04-22 05:41:00,253
bb6734f5-e820-450f-ae04-9f5979931087,2022-10-13 00:36:00,104
9fee5ff8-d35d-4ce0-acaa-8a06b3fc6b2b,2022-09-26 23:27:00,225
7c6a4311-4514-4cea-8721-c6723274ba35,2022-12-02 05:15:00,498
13575d52-bb69-4ae4-89cc-212daf964fe7,2022-11-10 20:37:00,934
7c538fb0-3be1-45c6-a077-5fca2a402c29,2022-12-15 17:26:00,874
a1494b97-096c-46ad-880d-3592cef8107c,2022-07-22 04:19:00,661
cf09c473-568d-40e1-a9c4-c13fc0c8cddb,2022-12-28 13:17:00,471
e8bdfe58-a08c-4c55-9f68-72e73bfded46,2022-06-14 14:25:00,671
e2bac5e4-1423-49ae-a594-a2a422ee0b01,2022-08-15 05:54:00,847
09986640-141c-4253-b8f4-4f8e8a2c48d9,2022-01-08 03:49:00,739
0d27c8b9-f487-4afc-b351-809faf5be259,2022-11-25 19:48:00,990
36a04ebe-8331-415f-a5a3-cc6cf79e8d5f,2022-12-24 09:29:00,310
934020f5-40c6-4dca-81d1-2029d72b495d,2022-08-25 04:18:00,842
c1d7069c-a6ba-46ff-abf0-83783bf233e4,2022-01-15 03:01:00,420
ffad0c6b-de4c-4307-bda1-2a0ce7f61b97,2022-01-06 16:48:00,598
25003a23-3646-4fdf-a6c9-74e2f9b973de,2022-05-21 03:12:00,530
aa56e3d7-21f2-421f-bf9e-a67fdab163f4,2022-04-22 23:30:00,829
7c04f8e7-5a22-4418-b539-8b6699a6c05f,2022-02-25 18:27:00,317
88712dc5-2d69-4ec3-8fbc-9681332e0734,2022-07-03 07:35:00,591
7c538fb0-3be1-45c6-a077-5fca2a402c29,2022-01-09 02:06:00,830
03f07bff-0613-4f6c-b28a-fba9fcb50619,2022-07-24 03:57:00,867
21a6d8c7-e67d-454c-8e7b-a1bce9221cff,2022-05-20 12:25:00,378
d6f237c2-f3c3-4888-b32e-493fcb624dce,2022-03-22 02:10:00,205
1867dc85-570c-4cd4-8dd3-4a125439929e,2022-06-08 11:20:00,253
57bb3fbf-53ca-4876-a7ab-20b2af8d6c5a,2022-08-18 02:10:00,882
699d8123-a583-479b-aaf0-642d5ee0f6b4,2022-08-04 17:39:00,212
8e996d00-3629-45b0-a613-1df546c4e528,2022-10-06 14:02:00,844
2b50bd31-7302-4fa9-80a6-a9c3a96bb0d2,2022-01-19 00:10:00,442
e2e78eab-130d-4804-b917-76a0a89f2217,2022-07-14 07:56:00,719
4c68f6a1-1490-48eb-829e-cb7ca4f48daa,2022-12-05 15:27:00,128
f03de8bf-b30d-4cc6-a7e2-6eb6336b55eb,2022-08-04 01:31:00,164
dd2e5d41-b7ee-420b-a57e-4acf84a6c986,2022-07-15 19:02:00,977
714c06ca-7eda-49ac-a3a9-ee0f2f66a1cd,2022-09-15 19:33:00,290
c23676e0-e36f-43ff-95e9-e4286d32051d,2022-07-12 01:18:00,996
dd23ab25-6b88-45d3-a3bb-fb2c53d59507,2022-08-27 08:55:00,788
a35c4ec9-7e5c-438a-8dd3-325e3d9a0ca7,2022-09-20 16:01:00,72
acde0f92-851a-4739-a755-28291afb8d47,2022-09-01 19:18:00,135
32a66636-a2a6-44a5-a322-c9e35e4e38d6,2022-09-04 00:07:00,25
ce45f09b-1126-4f69-949d-91009a076b25,2022-07-16 06:55:00,345
2c7809c5-aaff-433b-af7c-fcad858ce30f,2022-09-16 17:42:00,245
db38f0bf-decf-47ba-9a50-6fc940d23231,2022-09-03 08:50:00,463
eea7b172-fc75-43c6-9302-32f93a5be6b0,2022-03-10 22:17:00,739
b13f8fe1-022e-4be2-a458-745a3adc4ce7,2022-08-06 08:00:00,190
7910b11e-5e9e-4747-9414-bc040199a9ca,2022-07-04 18:36:00,633
1d5764d1-6752-4c36-b2d8-a51b0f581501,2022-04-15 17:29:00,529
c23676e0-e36f-43ff-95e9-e4286d32051d,2022-11-09 15:09:00,979
a3008fc4-218e-49ed-a4b3-0207e8da913d,2022-05-26 09:10:00,575
b4586d89-ecde-4c11-b640-f2ad74bb8f8d,2022-11-02 12:10:00,703
a80e884f-db62-46f8-9038-5ea7c6318e10,2022-01-22 04:01:00,29
afca7296-2d0a-4593-891e-8c5694b7ef0a,2022-04-04 18:46:00,508
72c8915b-9121-4e9c-8c92-fae102ac987a,2022-02-08 22:02:00,188
02dfe2f6-5455-439e-b7ce-9166c9a94647,2022-02-10 04:17:00,700
d0f09315-08a2-4903-b952-264e6a941667,2022-04-09 04:45:00,166
1d4eddcf-e344-4057-8308-3e1214c0e89e,2022-04-19 04:55:00,890
3e1ccde2-2529-4669-b64d-4f8277d543a2,2022-11-22 11:12:00,444
f7eb3320-b52c-4cc0-bf3e-a7b091c8250e,2022-02-10 20:49:00,794
60dbc216-a823-4bdd-9ac1-60b81a1fea9d,2022-09-21 01:56:00,171
081cc96a-6eee-498b-8033-23e7ad59d67a,2022-09-05 11:10:00,662
8a0a045d-73fe-4994-a695-e05567e13b8e,2022-11-06 01:05:00,901
5a1c9c22-2b49-4702-b4eb-3432749e305a,2022-06-24 10:58:00,79
3349b87a-47d2-4148-9049-b8fc3555a1aa,2022-06-17 19:15:00,895
3907e307-d2fa-49ba-9ba4-b8e4b6669545,2022-02-06 21:27:00,882
cec89988-5c46-40d7-8974-3b782f69350a,2022-05-01 14:57:00,930
292d833a-5bf3-44e0-b78a-768bf46a0c75,2022-05-24 12:33:00,619
9b42f556-0727-4212-ac19-2a57a73093cb,2022-05-21 14:39:00,368
c1d7069c-a6ba-46ff-abf0-83783bf233e4,2022-10-03 09:43:00,507
2f7f882e-5c08-43f0-8384-71a71d9e3762,2022-12-14 01:44:00,601
242cf407-da16-49c8-8aef-1cc38b80f979,2022-07-16 06:32:00,87
7de31751-cc25-4346-a24b-255ccb19d2c4,2022-02-08 21:49:00,539
b6d0736f-fbcb-4540-9f5f-a10dab0da899,2022-05-09 18:23:00,18
ce0bf44b-769c-4c12-9a70-eca5c23a7978,2022-11-09 20:44:00,484
0f2a01ba-923a-44e5-a192-6a4db33c3b8c,2022-12-04 08:40:00,725
5007206a-e971-4ecd-9533-574a56c5758e,2022-07-27 02:10:00,188
c78fd15b-277f-48ed-b501-a6c4ff723e10,2022-04-02 10:43:00,46
2cb60274-2bf8-476e-95c0-5030ca1e38b4,2022-10-09 00:09:00,60
d7cd9a7c-aef9-4c3a-8099-afb5711b8dda,2022-04-18 16:24:00,767
31f71eef-4d56-4876-b8c5-3e800b97c356,2022-09-08 22:59:00,554
dfe117b8-8316-42f5-8b3e-267f50816df0,2022-06-07 08:38:00,462
6d5f445b-93f9-411c-bef9-f144185be982,2022-12-04 16:23:00,771
c4675c8f-2565-49f4-bc97-425fd188c516,2022-12-08 12:59:00,816
188682a4-69a6-43fe-a44e-6474337067ff,2022-08-20 16:13:00,359
fcb10640-a9d6-4819-a853-c1e17f2a2a34,2022-01-20 18:55:00,244
93bc50a9-af62-4384-869d-5753f74f8ef8,2022-12-28 08:33:00,295
37ca6aa4-5211-44b8-bdd1-f40b9c4a969b,2022-11-22 08:10:00,822
a0bd48e9-da8a-4c16-a2d9-1423a1a0faf5,2022-02-12 23:11:00,923
f60c6256-5499-4b47-b649-4b4900f9765a,2022-07-02 23:06:00,888
b4586d89-ecde-4c11-b640-f2ad74bb8f8d,2022-05-06 21:21:00,281
82a95067-1ec1-4547-9a9d-a33cab94c523,2022-12-05 02:43:00,974
80d38762-86c2-4572-a3ba-089c300363c4,2022-05-09 20:16:00,300
e645a642-b818-4e5d-9308-30f476856221,2022-12-27 15:20:00,718
b900fdce-074d-4b33-b2dc-5325f137e62f,2022-01-24 08:08:00,20
1269c77f-548b-4183-9ba6-35f2f182418d,2022-08-01 20:09:00,562
bfa0e832-e775-483d-b039-8cb93dd107c9,2022-12-15 23:15:00,452
b9752cdd-bcb9-4dfd-901a-61cde1436e86,2022-12-17 21:54:00,714
c8ffa338-931c-4e9a-8e38-b0126ceed528,2022-11-01 04:10:00,273
a3c44d7a-7203-4c74-b2b1-b8e95a563402,2022-09-18 10:01:00,305
23bd0533-6675-4353-b5f0-c998b1bb6d03,2022-08-13 06:43:00,365
d69294b4-4ee5-4b8f-ade3-6d7e246a39e1,2022-12-20 12:40:00,751
bc399b40-1281-49f9-8e4d-6eb9ad222003,2022-08-23 09:41:00,838
3a50dfda-376b-40a0-b52c-44c235efb7c7,2022-10-14 07:42:00,237
330dfbb4-7268-482c-8e64-95c184fab112,2022-12-14 06:34:00,560
6f67297d-2dd9-4334-b96e-f3e766fc6788,2022-08-05 14:22:00,926
cb798dbe-7e47-41c2-ab63-f31560e33403,2022-09-11 02:37:00,515
c8d3e941-99f6-4aed-b366-93ebb9e91a67,2022-05-24 11:59:00,723
a09a5eba-83c1-4f33-b780-d1074b728c55,2022-11-09 19:06:00,171
2de34fb1-3958-48c1-9188-02fc0563d0bb,2022-01-11 20:16:00,757
87201fc1-5053-4947-ad26-ffc0c06c0a65,2022-10-09 22:55:00,348
066211ca-c460-4b79-b642-196151d400ec,2022-01-28 02:38:00,576
5ac58913-e8b3-458c-b922-72c3526d5331,2022-02-05 20:13:00,324
e1893e02-83c6-41a8-ba2f-be5e86052a30,2022-10-20 23:05:00,593
fc8e11e1-3543-4a9a-b3c7-be8a51c910f9,2022-10-26 20:04:00,638
ac5299e0-433d-4fff-aee2-d29cece4a5a5,2022-06-04 06:29:00,505
682276e3-a63c-46f8-ad99-7925ef813fad,2022-05-08 21:49:00,604
1f2b1237-c08a-4954-a1bd-32f74fc61cfb,2022-09-25 18:11:00,976
90597e66-14b2-491d-9141-bd1f54aad2ba,2022-11-05 01:03:00,802
8fa23a71-f6ec-4bab-b7f9-2e4f84ce72f5,2022-09-21 21:25:00,716
d41c6916-6772-46e3-bf23-7869aff9fbdc,2022-06-11 21:41:00,871
0626366e-8d6d-4d37-8500-e8a5708e7ca0,2022-09-04 02:48:00,457
ee659ac9-7eba-4069-8544-79b77bd0d48f,2022-01-25 21:07:00,678
1d4eddcf-e344-4057-8308-3e1214c0e89e,2022-01-07 14:53:00,682
cde1b110-05f2-4cb6-92c5-abd874e314f9,2022-09-07 01:42:00,565
8c3bf3ec-3422-4aa3-916c-68ed7ec25db4,2022-11-02 23:36:00,694
646d4736-74c7-43fe-b3d8-76c90444b94f,2022-02-10 05:48:00,753
ea3ae329-198a-4975-90dc-32e073c87e2c,2022-02-14 10:18:00,909
410f789b-c43c-479a-83f1-7ea1b2a6fcdc,2022-06-11 12:01:00,408
17199b6d-e1d0-416f-8186-13238afc2c52,2022-04-14 07:15:00,770
31a9332c-d0f7-4556-85ca-3ebf9e32858f,2022-02-22 15:57:00,112
a9d09502-5e28-4fa3-9629-cd09c37462c9,2022-07-10 02:19:00,25
5de6c909-0e2a-4b59-80ca-9ee413f0482d,2022-03-01 05:26:00,946
0a2560d8-ba7d-4054-ba89-654208b39eda,2022-11-16 14:02:00,441
ced70d89-3666-4c16-9a08-fc7b94fe6305,2022-11-08 08:16:00,796
7ecfc801-221d-4abf-9bb1-cc8fbe2f6bec,2022-01-01 12:24:00,285
05cef174-649a-4ad0-9d22-4273103bc2d9,2022-06-23 11:53:00,832
d5f6f408-917f-49f6-87ed-87647e9ebe4e,2022-04-10 14:21:00,19
210ada49-52ca-49d0-81b4-5705f8f22ecd,2022-05-22 20:14:00,89
8ec2c2e8-dd79-44f9-a5d9-64bc02fc40cc,2022-12-09 15:47:00,816
4385486a-1f2e-40eb-afb3-f7bba09a755c,2022-03-26 22:26:00,225
0bfe2bb5-ca8f-4c1f-a8fd-80b7ec3540cc,2022-01-13 17:58:00,122
d41c6916-6772-46e3-bf23-7869aff9fbdc,2022-11-21 20:29:00,896
8e97e008-8655-44d6-b47d-cac3d00a9102,2022-12-11 18:38:00,640
6cbca30d-cd26-42d7-b766-685f2e2864ea,2022-06-19 19:18:00,588
93eca1a1-2b1c-4e24-8eef-d18290ca9944,2022-02-10 02:22:00,614
d57de2ea-00d3-4597-a005-f053410f9296,2022-03-10 12:33:00,616
349810b2-a366-4a71-832d-20cb2672904e,2022-03-27 10:31:00,508
9d1b1a90-48ee-44fa-b543-891c4eb22d10,2022-12-13 12:00:00,624
61e30a20-5408-4ebd-95b4-942c47227be4,2022-09-10 11:47:00,958
b9ea7f22-c79b-40fc-a344-ddb48ab4f933,2022-02-03 17:31:00,368
b62193a9-f38d-470c-8620-64d1803638ce,2022-06-08 18:37:00,134
170f16be-95e7-435e-91b2-27942da3a22a,2022-06-24 12:57:00,339
3054fba8-fc7b-4a9f-80de-a1dab8289074,2022-02-24 10:42:00,34
d4fd026b-4dd4-4a85-9c85-59bec391993a,2022-10-01 18:21:00,844
8ec2c2e8-dd79-44f9-a5d9-64bc02fc40cc,2022-05-13 19:37:00,489
ecb55f0f-cc5c-492b-8031-7b757c34402b,2022-12-06 01:58:00,932
7c538fb0-3be1-45c6-a077-5fca2a402c29,2022-09-27 16:07:00,527
a464938b-7da9-40ea-b2c1-d1e8f01bec99,2022-01-03 15:03:00,719
8e150715-a120-4753-8ccc-64397b7bc4fb,2022-07-22 16:05:00,349
8244086a-8dfa-4770-a37c-72ee441d8e0f,2022-01-08 05:22:00,899
0f1f6fdd-b0ea-4559-9988-e2956b4146ef,2022-01-14 09:37:00,615
d139565c-37e4-4986-9143-e3fc8182704d,2022-08-23 19:19:00,956
ee5363cf-d00c-444f-93b2-a1e3dcddf8a7,2022-08-15 06:33:00,77
54bf982a-578c-4e9a-8332-62a931e6dc12,2022-01-10 05:38:00,538
470f95c7-8e2e-45d2-9e71-ea8b798b4869,2022-01-19 13:32:00,630
c85f51b6-b048-4cfa-8e6a-dd6859d3042b,2022-11-17 04:08:00,972
5a1c9c22-2b49-4702-b4eb-3432749e305a,2022-10-28 11:53:00,977
db38f0bf-decf-47ba-9a50-6fc940d23231,2022-07-26 19:50:00,921
0dac31ee-06d8-45a5-9d3f-e4097158878f,2022-06-05 13:04:00,558
1254b474-b52c-41aa-9cbe-de606d8c0ab6,2022-02-13 17:23:00,34
3315ee3b-fe4e-4e70-9860-09918f531f27,2022-11-21 03:33:00,407
fde16dd9-62c1-44ce-8208-89ca9aa66b1d,2022-10-13 02:26:00,630
210c9e48-449b-4af7-93d1-052bbefa7cee,2022-05-12 12:49:00,954
ab0ddbda-1551-4bd3-b9ae-943e92c2c3d0,2022-12-05 18:11:00,569
edbd3c8c-563d-42bf-be78-de5b982c6e37,2022-08-07 02:36:00,610
646d4736-74c7-43fe-b3d8-76c90444b94f,2022-11-02 08:42:00,902
2cb60274-2bf8-476e-95c0-5030ca1e38b4,2022-09-22 06:46:00,936
1269c77f-548b-4183-9ba6-35f2f182418d,2022-11-13 12:35:00,75
9d3b3d92-ac87-4c9f-8666-fe81a3d41325,2022-01-16 01:12:00,561
e6407671-4eee-40dc-8120-be4385f87aef,2022-12-28 12:20:00,669
e905e685-cf11-45a2-bc16-10c357e06ecf,2022-08-27 00:10:00,612
f34635af-0935-4e1e-a340-e8af8ddb9685,2022-11-15 02:20:00,328
2f7f882e-5c08-43f0-8384-71a71d9e3762,2022-03-09 19:25:00,518
a60b7ef6-e152-4640-9e1f-d9ec95d23831,2022-12-15 04:04:00,318
9b4a82cd-53cc-41bc-a272-84c056691409,2022-07-03 20:09:00,34
f9668b59-276e-4892-acb7-c656cfd78b40,2022-02-08 16:38:00,623
24a96364-4d1b-485b-b50d-12beb9eab329,2022-08-09 13:50:00,42
9e991230-bb06-4db7-9022-23c0637171e1,2022-12-09 05:33:00,676
06bf2a4c-d67f-43b1-8199-d6c808c71e1b,2022-10-07 03:05:00,620
a07a4264-4392-424f-b0a4-44d0a8f04030,2022-06-23 02:51:00,202
9aad171e-ab8b-4875-a5a3-cc6e594d9aa7,2022-04-04 17:58:00,617
ec059983-7326-448d-94d8-24158ee3f3df,2022-03-27 00:16:00,456
1867dc85-570c-4cd4-8dd3-4a125439929e,2022-07-28 03:55:00,241
5d99c886-91a3-4607-8bfc-adc1d7b2121a,2022-12-15 08:55:00,264
f3aad7aa-9568-4958-be3c-27ae22216a44,2022-03-01 02:02:00,947
34bc8872-9339-47bd-a53b-f0a3a6f746a4,2022-11-01 14:10:00,669
d58c4044-121d-4c28-992a-febc84d5adba,2022-09-22 04:20:00,321
ea5510a1-ea0b-49de-aff4-386823e1bac6,2022-10-16 20:06:00,323
9be0de59-b577-4cbc-970c-2a99ae101ede,2022-01-23 14:32:00,526
ad8c9efe-e516-40e2-b13c-5aed02a800fa,2022-08-26 15:53:00,443
7f2adf37-246e-48ee-99e9-a02d559f41bd,2022-04-08 13:06:00,859
b1c633b3-e760-485c-8ac9-99f19c238741,2022-08-28 15:57:00,288
3ed635b6-e5f8-4067-ae50-43b65c2c7e42,2022-01-22 06:17:00,931
423c7fa0-6ad5-4e86-8a52-d1d2b94651e3,2022-11-24 22:09:00,511
a004aae4-b3b7-4d66-92c2-a73c93127673,2022-10-04 20:23:00,211
43f4790f-aedc-45e0-afc6-28b68d7206f6,2022-08-12 13:26:00,536
c71ce811-8083-4bdc-830f-dfee23c5a168,2022-07-21 21:00:00,841
961cfe66-c9b3-42ed-956a-334a3b6e348c,2022-04-10 07:56:00,636
2aeee805-ebce-4821-828c-10b46e10132e,2022-02-09 16:14:00,910
6c0c0fb9-ca0e-42a8-adfa-779380a8a8d5,2022-12-08 12:33:00,466
1d448388-1020-41d1-a2ad-56e4480fe1cd,2022-02-11 19:02:00,802
00acf2cf-861e-41f2-bf08-156278736eac,2022-01-04 14:03:00,992
9aad171e-ab8b-4875-a5a3-cc6e594d9aa7,2022-08-21 00:47:00,736
b7242912-28b4-4e4b-9224-238c8ed26cda,2022-08-26 15:31:00,395
695b8327-f93f-4ce8-a020-91bf9f674452,2022-02-19 11:35:00,427
349810b2-a366-4a71-832d-20cb2672904e,2022-07-24 11:11:00,402
3537c87c-2d40-4c76-9e38-d907bd4cb3b7,2022-08-20 09:09:00,450
b98f55d4-2ff9-40b2-b7b6-fd27e4f7dc8d,2022-04-25 22:57:00,515
36854c35-4f72-4992-9e77-b01c7df0c832,2022-06-04 20:34:00,531
d42c01c5-8b50-45b5-a8b8-6cd3e54dbc90,2022-04-28 12:19:00,86
05fbb06f-25db-413c-a14e-17cfd1363251,2022-10-20 15:31:00,977
1b01afeb-d102-4af9-a682-334619480b46,2022-12-03 03:06:00,833
793e6b4c-0297-4cce-9dd3-1c8f2ba0d86a,2022-04-13 01:06:00,248
ffad0c6b-de4c-4307-bda1-2a0ce7f61b97,2022-01-12 01:27:00,132
c1441bcf-7ca9-4369-9810-10f5ac065684,2022-05-19 01:19:00,748
7e12b067-1252-4fa0-a277-2496a5a2dffe,2022-11-13 20:04:00,852
dce95c54-67d5-47c8-9157-8ec6f8d4ea95,2022-09-11 14:31:00,988
74395574-94ca-4402-8dc3-ea4146266444,2022-12-01 07:16:00,518
330dfbb4-7268-482c-8e64-95c184fab112,2022-11-13 18:21:00,414
d139565c-37e4-4986-9143-e3fc8182704d,2022-05-01 06:29:00,300
5884b900-eb83-444a-9235-fdf67da07a6e,2022-02-16 12:03:00,70
69fedba4-b490-4f36-bf85-bb3bb083e0cc,2022-04-05 08:24:00,69
d139565c-37e4-4986-9143-e3fc8182704d,2022-08-14 18:25:00,375
8cc72f69-4fec-4709-bd1b-fab3c4bed4fd,2022-01-28 14:38:00,953
9cae0aca-43bb-4753-bcb1-6adf5aa3e646,2022-07-27 06:23:00,579
07df6bed-a87e-4e3d-9cd9-a1465a0b32e4,2022-11-15 22:40:00,563
a7c88415-0da0-460d-8a9f-051855b00d33,2022-08-07 19:49:00,822
29e9bd38-2560-40e9-b7df-36f0b4efa08a,2022-09-28 22:28:00,409
6078ba0f-2cee-469a-baa9-ae16a6006391,2022-03-22 21:18:00,82
822470fd-11b0-43eb-acf9-580f3925d2c9,2022-11-07 18:30:00,929
3acc198c-5a98-48f2-81ff-6b43a13e9202,2022-05-09 15:30:00,762
b1843736-c3a4-41eb-bf52-f208bd04c120,2022-06-24 02:27:00,747
8b7077fc-6b60-46ab-bb61-194838c99f5a,2022-02-24 19:12:00,366
22901752-f8e9-477d-8b4a-71db20116895,2022-02-07 22:50:00,684
09986640-141c-4253-b8f4-4f8e8a2c48d9,2022-06-20 08:40:00,847
a0bd48e9-da8a-4c16-a2d9-1423a1a0faf5,2022-06-10 03:09:00,235
c6b7593b-6459-4322-897e-9f5cf74b0cbe,2022-03-04 12:37:00,912
8c836053-1a61-4437-9682-29809542f335,2022-08-09 00:06:00,777
845cc00f-51d3-464d-9f0f-22a103341f66,2022-10-19 01:56:00,178
b3f2c183-2b51-46cd-939f-3c9edbd5435a,2022-11-09 20:25:00,333
73b65c8c-e99d-4285-b27d-4a2dc4a8a55a,2022-03-27 18:18:00,182
3fecfc04-4a06-42a6-9d74-9ed7ddd469d2,2022-05-10 14:13:00,973
2ee57cb3-224a-464a-a8d7-4ca7e3903247,2022-01-02 19:07:00,270
e65232d9-53a0-4e6a-9c3f-102aa667de50,2022-02-14 16:10:00,144
30fad041-9100-434a-8702-42d6182afeed,2022-12-15 13:20:00,540
195f508f-b779-498d-b75e-eac0b78cd588,2022-12-07 22:45:00,297
d0f09315-08a2-4903-b952-264e6a941667,2022-11-18 05:53:00,432
82a95067-1ec1-4547-9a9d-a33cab94c523,2022-08-27 00:27:00,640
dbb29c1b-79b2-4b69-8075-17ba4c0d3fb5,2022-10-08 04:36:00,446
44df5985-f5db-4679-a130-325e6e9a253d,2022-11-11 20:45:00,446
d13cf8a9-c8a7-49ed-a315-27c1c05081c6,2022-07-20 02:34:00,297
d5d50bfe-6ac2-44af-b3ae-645b2f519cc0,2022-04-19 16:54:00,543
268bb4ba-3b37-43be-ad33-004d9be89557,2022-06-28 10:22:00,348
5884b900-eb83-444a-9235-fdf67da07a6e,2022-06-16 10:09:00,823
c2f574f4-0a85-4158-b577-6d0204cacbbb,2022-07-12 09:50:00,838
80d38762-86c2-4572-a3ba-089c300363c4,2022-10-24 12:32:00,736
822470fd-11b0-43eb-acf9-580f3925d2c9,2022-08-12 06:06:00,622
09dd2124-1ee8-49e3-a629-1baf4dc5d815,2022-08-05 05:52:00,597
6e9c16f4-b28f-4361-bcab-3d8b9a24cebf,2022-12-12 07:18:00,970
a7a32a1f-173a-4b25-b6aa-10dd572797cf,2022-02-12 01:44:00,357
e1893e02-83c6-41a8-ba2f-be5e86052a30,2022-05-21 15:03:00,885
9046b819-3ac5-4276-9095-00a52b1912e2,2022-07-24 21:50:00,129
022a6a13-1223-4ed4-8650-e68565552f00,2022-04-17 18:19:00,822
8ac9af12-4b9a-4f06-a898-7e2e7c64e76e,2022-08-19 02:51:00,880
0e4970f4-18ee-4b53-bc54-7bc0ef673bc6,2022-12-12 03:32:00,312
a1494b97-096c-46ad-880d-3592cef8107c,2022-04-24 10:05:00,889
3b76d45d-8441-4c62-b776-8a6edae77f23,2022-10-22 23:59:00,423
b41d1a4f-0065-4836-84b2-53f1c90b9b43,2022-12-20 22:27:00,69
a63676d7-53ef-4b1a-86dd-9e32c6b48a75,2022-02-23 10:49:00,827
117f7a2a-3223-4dfc-b1d7-8a2283cec6ec,2022-09-26 01:08:00,540
97f85b6f-2c70-4aa9-9ef8-5ce38f6b22d9,2022-10-04 18:52:00,64
48e3dded-0b51-4ac6-803a-1267d4f7a52e,2022-12-20 07:48:00,949
18dace83-2437-4877-bd60-5e833d89efc3,2022-07-06 18:37:00,270
0ffeb293-414e-42f8-ac58-51ccffab9622,2022-03-19 12:51:00,633
1c8ac83a-5688-44be-bb51-5f8d0edefbbb,2022-04-12 06:28:00,904
c4926a1b-28ee-48e9-92cb-491271bdefea,2022-07-05 16:51:00,402
c17aeb83-fa0b-43d6-a7d2-a68fd9bdf05b,2022-07-17 12:32:00,68
145b0bcf-d3f7-4d5b-a160-72e9b3ad5a32,2022-03-23 21:56:00,170
d3b2fa8e-9c2f-41d1-b621-0f188d56f552,2022-08-24 02:15:00,867
5ad31ab2-a3c3-44d6-ac99-30016efb5d92,2022-10-28 16:56:00,39
dfe677d7-43f8-41fd-83d1-b40972761de8,2022-08-15 06:11:00,322
7d699102-c777-4e2c-8ba7-fcaeabc9761d,2022-09-21 23:43:00,300
9046b819-3ac5-4276-9095-00a52b1912e2,2022-04-11 11:22:00,102
3eec4a93-8e4c-40da-82b8-1b073058eb00,2022-09-18 22:25:00,829
b8ac5b7a-d4a7-44b1-8273-e8dae52e19c7,2022-01-02 12:00:00,459
6e4f23a2-ebc6-4e21-a836-0b4910625a0f,2022-09-23 13:43:00,906
e04ce890-07b8-49e7-b718-d0b5fbd6c568,2022-01-02 19:35:00,234
bb87b3a3-4b5e-4c07-a33d-5743af28c763,2022-04-05 11:58:00,920
6b72831d-3eee-4c9e-b32f-aa2088a5e7a5,2022-01-21 20:10:00,31
2814f674-8ba5-47b5-88e1-69309f8677f0,2022-03-14 02:58:00,97
f4cd98a5-4134-49c5-8118-5fae8e12074e,2022-08-06 23:27:00,287
8d485935-e778-41e3-b567-78d9d8aad25a,2022-05-12 18:46:00,542
268bb4ba-3b37-43be-ad33-004d9be89557,2022-07-20 15:35:00,277
a1910f3c-f2d5-46e7-b4dd-6f27b293482f,2022-11-16 17:38:00,804
0dba560e-da4c-4965-afd1-6c9d3cf2d9e7,2022-04-24 17:55:00,340
3d439e44-586f-4910-8d7d-ebb0386ff4db,2022-08-23 08:15:00,29
b9ea7f22-c79b-40fc-a344-ddb48ab4f933,2022-12-27 03:21:00,726
71b02643-b60c-48c3-8630-d12dfc0702cd,2022-04-16 01:57:00,730
1867dc85-570c-4cd4-8dd3-4a125439929e,2022-06-15 14:43:00,691
d41c6916-6772-46e3-bf23-7869aff9fbdc,2022-10-03 04:51:00,544
811b1005-dbe5-4195-8f22-a2748ead1bf3,2022-07-07 03:55:00,221
2e417c6b-d3a6-44b9-8e6a-8c6f10bc5a03,2022-06-04 01:58:00,556
65dde286-14aa-4e80-9677-533b6d6edabb,2022-03-18 21:41:00,351
30fad041-9100-434a-8702-42d6182afeed,2022-07-05 08:20:00,681
c31c9830-8662-4bf5-8b69-9f3267b4488f,2022-06-02 10:37:00,980
3b76d45d-8441-4c62-b776-8a6edae77f23,2022-10-23 22:35:00,358
32ee4c55-a9e3-4142-a4b7-acac0b3c6760,2022-03-12 20:13:00,12
437bfc2b-a9ee-47f5-9d4d-cd1cf4444b72,2022-02-10 07:45:00,228
b7bbe4eb-8c9a-4801-a09b-6b26049f4c7c,2022-03-22 17:40:00,101
cb798dbe-7e47-41c2-ab63-f31560e33403,2022-03-25 08:43:00,546
887d18b4-4704-4957-8cb2-4eb7ec69e21a,2022-04-06 01:45:00,81
0037e26f-5951-4409-8cea-bd9d66612cc7,2022-11-12 07:32:00,614
c5eeaf3f-618c-4414-899f-9403b4f48a03,2022-02-08 19:14:00,432
12686718-6f77-4544-8135-771a1c44cbcf,2022-04-28 07:58:00,261
61f1f508-3817-4495-a3c0-bffd2643e1c2,2022-06-07 22:06:00,36
aa56e3d7-21f2-421f-bf9e-a67fdab163f4,2022-03-11 07:55:00,329
3193d3d0-d959-4e86-9eaa-18ab85123fa2,2022-12-09 06:31:00,315
7e12b067-1252-4fa0-a277-2496a5a2dffe,2022-03-20 02:40:00,598
2d9870d3-5ba1-4b28-bcbf-0fd7d4718a2f,2022-01-26 23:46:00,435
00acf2cf-861e-41f2-bf08-156278736eac,2022-09-01 11:17:00,508
c25c5ad7-504b-4320-8196-b961a8c34bac,2022-02-02 05:38:00,803
e5913256-4e1c-4915-89af-628e19157487,2022-03-15 07:18:00,432
3953a905-d6e7-41d9-b456-57ff21a3a478,2022-03-12 07:02:00,905
bb0038c0-8767-48e7-a5b3-43f8371889fc,2022-01-08 10:38:00,800
e9ca5330-decf-4d24-8e66-b70a982ed588,2022-01-15 05:37:00,702
124e6e25-131c-4700-b94a-7aaf97e16ddd,2022-07-24 16:25:00,26
43f4790f-aedc-45e0-afc6-28b68d7206f6,2022-07-07 22:21:00,541
ecc6b50c-6731-4775-bfeb-2757ca020b1c,2022-05-28 22:43:00,360
93bc50a9-af62-4384-869d-5753f74f8ef8,2022-06-21 00:24:00,303
6f67297d-2dd9-4334-b96e-f3e766fc6788,2022-08-01 08:56:00,801
9b4a82cd-53cc-41bc-a272-84c056691409,2022-01-11 21:31:00,171
25b51183-3178-4b74-89ad-89052b1aa1ab,2022-08-11 19:34:00,686
c43cac4b-0ffc-421c-abd9-68ff786f2b02,2022-05-09 01:12:00,493
ced70d89-3666-4c16-9a08-fc7b94fe6305,2022-02-17 18:55:00,22
726759ee-199d-4fe4-9d17-3f6e900e95f4,2022-07-02 03:50:00,198
1c719898-3221-46fe-a7ce-0650ec928fe6,2022-05-07 09:24:00,978
22b4d6f5-69ef-4f47-b546-d30563ff143c,2022-06-16 00:30:00,427
49154f12-2301-41e0-9c53-07e3f29156c0,2022-05-25 05:52:00,279
