user_id,session_time
074f080e-698e-42a7-92b4-ba7e4fff9d59,2022-04-26 19:21:00
4d15c37e-e6f2-4d1a-88b2-598b9cd555ac,2022-09-28 02:43:00
ad81285c-ea40-4363-befc-f00d83f2f3ff,2022-03-26 11:26:00
467b31bf-f38d-4e2f-b0d8-0e41bd4fdab3,2022-03-23 17:42:00
ca282855-db0f-42cd-bb3b-377766a29d88,2022-11-17 14:24:00
117f7a2a-3223-4dfc-b1d7-8a2283cec6ec,2022-09-24 20:09:00
c4675c8f-2565-49f4-bc97-425fd188c516,2022-07-24 09:15:00
a004aae4-b3b7-4d66-92c2-a73c93127673,2022-05-27 01:55:00
b0103888-29e2-4983-87d3-8536a7ad4065,2022-02-11 01:43:00
1f0139a9-9148-43fb-8f99-a0d567aff07e,2022-09-22 05:56:00
4fc30938-31b7-46df-bf59-6a4b06d2a29d,2022-07-14 08:10:00
9f5b442d-e6ee-49ee-8b64-32b903ccf67c,2022-02-14 02:13:00
9c8295cb-10f5-4b76-80e7-e74de316e191,2022-04-24 02:30:00
3e09fc19-c78f-4405-9d5a-87c8b27b4469,2022-03-08 20:05:00
93eca1a1-2b1c-4e24-8eef-d18290ca9944,2022-10-11 00:14:00
b20aea20-74e2-4c17-9824-98b40ff098e1,2022-09-03 14:54:00
2ce3b8ad-7f02-441f-9505-5f6b40588e54,2022-08-13 22:20:00
0fa21053-77ee-482d-ad0a-736c9daeda33,2022-05-22 16:38:00
f15eff8b-3681-42fe-9bf0-8ac1b10e8cd0,2022-11-01 06:11:00
6520f725-27ae-4b03-a0bb-98543ba1063a,2022-05-22 12:56:00
2fce26ab-a012-453a-af87-ebb49c413684,2022-09-19 05:35:00
ed2fd4d1-cbdd-4d48-b00b-55fe110f4e0f,2022-11-15 16:35:00
aefb5dde-2bb0-4ce9-8fb5-0347def94494,2022-07-21 02:45:00
35e07034-4998-499b-b08b-e80f5735f319,2022-04-11 16:17:00
c8d3e941-99f6-4aed-b366-93ebb9e91a67,2022-12-24 18:07:00
595d0a8c-b56f-4fdc-946e-effd3cb71486,2022-03-25 08:35:00
5cf566fe-47c1-40c5-a8dc-f3798f70c925,2022-04-03 22:35:00
6b72831d-3eee-4c9e-b32f-aa2088a5e7a5,2022-05-03 23:27:00
ae70e086-0cfc-4970-9fb5-35928930e67c,2022-10-02 17:39:00
6520f725-27ae-4b03-a0bb-98543ba1063a,2022-09-19 00:06:00
81e7d900-f11e-49a9-93da-3bf91dc81b99,2022-09-09 16:31:00
5e3887e4-cb27-4f24-8719-fb6ccd581884,2022-09-19 04:49:00
d5d50bfe-6ac2-44af-b3ae-645b2f519cc0,2022-02-09 16:58:00
9b42f556-0727-4212-ac19-2a57a73093cb,2022-11-04 10:36:00
62a9a369-b21c-4add-b7eb-908a2e424cc7,2022-07-05 03:48:00
93bc50a9-af62-4384-869d-5753f74f8ef8,2022-11-14 17:09:00
f00d89a1-ecff-4431-9c5e-1f8cf743f421,2022-09-14 06:06:00
4b13e7d9-6d99-4e25-adc4-a2b229d3c43b,2022-10-14 15:46:00
c9031467-31b8-4a4d-917a-5d08cd401e04,2022-02-09 14:13:00
e645a642-b818-4e5d-9308-30f476856221,2022-09-26 14:33:00
4c9ec250-31c6-4e90-9503-4fcba6f928ac,2022-03-26 01:44:00
c5ed4535-1a25-462c-9584-fa9f45c307a0,2022-05-05 03:36:00
aebc5371-bf49-49cd-9c16-8b7e269f2a15,2022-07-27 19:25:00
9fee5ff8-d35d-4ce0-acaa-8a06b3fc6b2b,2022-08-16 02:24:00
5e3887e4-cb27-4f24-8719-fb6ccd581884,2022-05-18 08:29:00
32e56f54-ea89-4531-b5dd-e6d53f8e9ce5,2022-11-21 12:54:00
b238cf65-7339-48aa-8b8a-2c33625e0adb,2022-11-03 09:12:00
f1708f24-d0ed-4a33-aeb8-b58b9ba24ecd,2022-08-26 20:10:00
c5eff1a7-86a7-47b7-9317-d170fe4a9af6,2022-05-08 21:42:00
6078ba0f-2cee-469a-baa9-ae16a6006391,2022-04-03 15:46:00
695b8327-f93f-4ce8-a020-91bf9f674452,2022-11-09 06:19:00
cfeaaa17-2a22-45ee-a253-92f5ebf73fad,2022-12-03 14:20:00
41848352-36e8-48bb-9249-00965cc86067,2022-08-20 19:48:00
248af1c0-b28b-48c1-b8e9-5ab8e734fb2e,2022-07-12 23:39:00
8244086a-8dfa-4770-a37c-72ee441d8e0f,2022-02-27 02:30:00
c1d7069c-a6ba-46ff-abf0-83783bf233e4,2022-06-13 13:44:00
0626366e-8d6d-4d37-8500-e8a5708e7ca0,2022-05-16 15:16:00
8dc3b525-3b6d-4e94-84ae-9c3ff8ae074d,2022-07-05 09:01:00
9cb502d8-a505-433e-8114-95e63642346e,2022-04-03 07:03:00
7de31751-cc25-4346-a24b-255ccb19d2c4,2022-03-23 11:46:00
be90790b-fe9b-4823-9f25-e6d481eba67b,2022-12-27 12:01:00
24538669-30ed-4f66-81b4-6ad0fdc43039,2022-11-24 16:08:00
210ada49-52ca-49d0-81b4-5705f8f22ecd,2022-05-25 10:56:00
1c0bbd73-725d-460b-9686-eac8ac4f086a,2022-04-16 03:23:00
186c45bf-27b8-423a-b156-2841effbc40a,2022-11-28 08:24:00
3054fba8-fc7b-4a9f-80de-a1dab8289074,2022-03-12 19:08:00
811b1005-dbe5-4195-8f22-a2748ead1bf3,2022-07-10 09:04:00
cce2b2a5-6c55-48fd-9ec4-bfd69320d729,2022-05-13 01:48:00
8623fbfd-e175-4647-878d-bf66c9f1ee14,2022-04-24 09:26:00
dd5fd50e-44ce-4ac1-8cb4-7fb22c257c13,2022-06-03 00:17:00
3349b87a-47d2-4148-9049-b8fc3555a1aa,2022-07-27 12:01:00
631bff5d-d7b2-476f-8041-31e1afb71f08,2022-01-21 10:43:00
d72c6a35-7328-4750-ac46-df8935935425,2022-11-15 09:43:00
606f40bd-e2f2-41b0-bc8d-3794d639a76f,2022-08-02 17:43:00
68885c86-681f-436c-9a2f-d435f483325e,2022-08-06 06:56:00
ca3bd0d8-3441-4dd9-9b85-b1201ba8475a,2022-01-07 09:59:00
cb798dbe-7e47-41c2-ab63-f31560e33403,2022-09-26 23:26:00
606f40bd-e2f2-41b0-bc8d-3794d639a76f,2022-07-05 08:49:00
12686718-6f77-4544-8135-771a1c44cbcf,2022-06-11 15:37:00
b1843736-c3a4-41eb-bf52-f208bd04c120,2022-09-02 05:18:00
e04ce890-07b8-49e7-b718-d0b5fbd6c568,2022-12-17 21:13:00
8dc3b525-3b6d-4e94-84ae-9c3ff8ae074d,2022-10-26 09:50:00
360afc04-d7eb-41ca-8093-6ef0137554b7,2022-07-08 13:48:00
6266c691-7f32-444c-b744-a0a49e922810,2022-10-08 22:24:00
9aad171e-ab8b-4875-a5a3-cc6e594d9aa7,2022-08-08 01:58:00
5e3887e4-cb27-4f24-8719-fb6ccd581884,2022-01-11 07:19:00
726759ee-199d-4fe4-9d17-3f6e900e95f4,2022-05-01 03:20:00
c78fd15b-277f-48ed-b501-a6c4ff723e10,2022-11-17 13:40:00
170f16be-95e7-435e-91b2-27942da3a22a,2022-04-27 18:05:00
1441075f-a204-4ec8-9266-d0258e247743,2022-02-06 06:54:00
4baeb60c-2df5-47ac-a46b-107efddc5a19,2022-09-24 17:42:00
033f193e-c39d-49ad-9245-9e26687459fd,2022-07-21 06:41:00
f52b7dda-c5d6-47ea-aa9d-3c0c8a0f8cd4,2022-02-04 13:36:00
88712dc5-2d69-4ec3-8fbc-9681332e0734,2022-07-02 07:28:00
1d9d7377-07d2-42de-af9c-d1dc77cf8808,2022-05-17 12:25:00
6416ee3f-bb4a-479b-b5f4-d3c585218f03,2022-12-22 00:02:00
1b19686c-95b3-4ee3-a04c-b7c5f8de4a7a,2022-12-10 23:09:00
1d917b28-9b0f-4642-b9be-7dc7372a00cc,2022-02-02 06:04:00
f3e58a6a-4fcf-4425-af46-b664bb469e70,2022-05-18 07:12:00
d0ca11c2-1d2f-499d-bbb2-81873a954623,2022-10-05 10:23:00
f52b7dda-c5d6-47ea-aa9d-3c0c8a0f8cd4,2022-05-25 16:53:00
90d8d77c-4460-4529-a2d7-3f9eaadf4008,2022-08-18 17:19:00
f60c6256-5499-4b47-b649-4b4900f9765a,2022-08-02 17:45:00
1b01afeb-d102-4af9-a682-334619480b46,2022-08-05 04:23:00
cf09c473-568d-40e1-a9c4-c13fc0c8cddb,2022-10-23 19:16:00
5007206a-e971-4ecd-9533-574a56c5758e,2022-08-10 04:19:00
22901752-f8e9-477d-8b4a-71db20116895,2022-09-22 02:47:00
8fa23a71-f6ec-4bab-b7f9-2e4f84ce72f5,2022-01-22 09:02:00
b0103888-29e2-4983-87d3-8536a7ad4065,2022-02-15 20:32:00
961cfe66-c9b3-42ed-956a-334a3b6e348c,2022-12-14 08:52:00
fb5d4193-362f-4677-b49f-9597ea79bdfc,2022-12-15 21:51:00
dbb29c1b-79b2-4b69-8075-17ba4c0d3fb5,2022-02-18 15:09:00
793e6b4c-0297-4cce-9dd3-1c8f2ba0d86a,2022-12-21 11:57:00
5007206a-e971-4ecd-9533-574a56c5758e,2022-10-01 10:00:00
37b8f9e4-eb6d-4670-85fc-dcba9dceb76c,2022-05-12 00:27:00
0d27c8b9-f487-4afc-b351-809faf5be259,2022-04-12 23:56:00
ce45f09b-1126-4f69-949d-91009a076b25,2022-07-21 21:47:00
b80257dd-b3c9-4553-a308-d83d663b6481,2022-10-18 18:57:00
d57de2ea-00d3-4597-a005-f053410f9296,2022-06-12 07:37:00
6b0a1ea8-93c3-4f45-83b9-1644d518f175,2022-04-14 21:00:00
90efcdf2-86eb-406f-8084-0960c94314f4,2022-02-26 13:51:00
5ad31ab2-a3c3-44d6-ac99-30016efb5d92,2022-09-28 08:36:00
c2843cf1-bace-4864-906c-7cfd127c2162,2022-11-28 17:43:00
7c04f8e7-5a22-4418-b539-8b6699a6c05f,2022-04-03 12:02:00
42bc8c33-d688-48ec-8156-1271a22ff6f9,2022-09-11 21:21:00
32ee4c55-a9e3-4142-a4b7-acac0b3c6760,2022-03-12 06:40:00
822470fd-11b0-43eb-acf9-580f3925d2c9,2022-01-22 17:03:00
9813b23c-6bbf-4062-a307-b1bceb0f4945,2022-11-06 13:40:00
188682a4-69a6-43fe-a44e-6474337067ff,2022-06-12 02:37:00
93bc50a9-af62-4384-869d-5753f74f8ef8,2022-05-17 21:20:00
d004c0e4-bf5a-4f52-bb3d-1a5f1cb0630d,2022-04-27 22:32:00
53bae2bf-d198-4697-b67e-ae905443f16b,2022-10-09 03:50:00
4dabb021-d956-4595-867d-9a2f63200d2b,2022-04-28 21:21:00
5ad31ab2-a3c3-44d6-ac99-30016efb5d92,2022-04-10 09:31:00
b72667ed-6cfb-451e-97f9-debc49121721,2022-05-02 14:22:00
3621b299-ed22-4e31-8f51-833b29d3e320,2022-04-13 07:33:00
b1843736-c3a4-41eb-bf52-f208bd04c120,2022-04-16 00:57:00
d3c2c6aa-8113-45a9-85dd-72509207eab6,2022-04-08 19:53:00
16e9957b-6109-4530-891a-cf9be3b78d80,2022-05-25 14:47:00
e3148866-1cad-4ad0-8053-aaf0ec8873bc,2022-09-19 19:30:00
16e9957b-6109-4530-891a-cf9be3b78d80,2022-09-27 06:22:00
2d87ed22-bcb7-47f4-8b54-41a5cd912589,2022-07-05 08:33:00
9d26ed69-6790-48b0-af50-c5d70291fc47,2022-04-10 14:26:00
635740c6-49df-4e5d-ac03-fc242fddcf1f,2022-06-23 00:31:00
2b50bd31-7302-4fa9-80a6-a9c3a96bb0d2,2022-09-18 14:39:00
5d99c886-91a3-4607-8bfc-adc1d7b2121a,2022-01-15 08:10:00
9e496d35-2f6f-49d3-be6f-43e6758898d7,2022-03-24 23:41:00
8d46a423-e16a-4b14-9144-8d988db8404a,2022-06-12 00:47:00
79c33a1b-7cb5-413b-812e-f8c30b5e0e11,2022-08-21 17:18:00
798ebe79-49b2-41ae-a861-809b7a1744e8,2022-06-03 06:49:00
242bdf42-0e93-4f52-ab4c-e95e6400f054,2022-05-15 12:36:00
188682a4-69a6-43fe-a44e-6474337067ff,2022-07-19 22:37:00
d72c6a35-7328-4750-ac46-df8935935425,2022-01-02 06:49:00
29b4bf23-cb96-4816-bb83-af19c198bae8,2022-09-01 14:59:00
ecc6b50c-6731-4775-bfeb-2757ca020b1c,2022-07-26 17:21:00
170f16be-95e7-435e-91b2-27942da3a22a,2022-12-15 15:46:00
b7242912-28b4-4e4b-9224-238c8ed26cda,2022-07-12 02:45:00
60dbc216-a823-4bdd-9ac1-60b81a1fea9d,2022-03-23 01:51:00
d18c3a4e-850d-4c2b-afd4-1a3a4073f1c9,2022-07-05 17:38:00
2af6a752-9ab9-4793-be3f-0e64cc38f84a,2022-06-01 12:18:00
a3008fc4-218e-49ed-a4b3-0207e8da913d,2022-03-06 06:53:00
72aba64b-208f-4106-a3eb-af53bfafe619,2022-05-20 10:01:00
1655c0dc-7ff6-408f-8ba7-748db2ef6e9e,2022-12-17 19:19:00
e2bac5e4-1423-49ae-a594-a2a422ee0b01,2022-05-05 15:25:00
fb18f7c2-b6a3-40b9-920b-34cd5f63add3,2022-02-09 01:30:00
d6360d20-a2c2-49a8-bb37-93f956a9c6ee,2022-03-28 19:51:00
03f07bff-0613-4f6c-b28a-fba9fcb50619,2022-09-05 17:35:00
e26a944b-07da-4b6e-aecc-e3c5b7812333,2022-02-10 01:53:00
aec85ac8-e4fc-4727-b8cc-7d0b5c89300c,2022-04-27 17:28:00
d7cd9a7c-aef9-4c3a-8099-afb5711b8dda,2022-07-22 16:30:00
25003a23-3646-4fdf-a6c9-74e2f9b973de,2022-10-13 02:04:00
394267dc-48f7-494a-94fa-797e1f8c3ce9,2022-09-09 18:12:00
c7283fe5-5000-471c-82f6-e47d78ae506d,2022-01-22 05:15:00
88712dc5-2d69-4ec3-8fbc-9681332e0734,2022-02-21 19:58:00
fb22c7e2-3761-462a-b931-d5137246acbe,2022-07-06 17:33:00
e90f3bfc-5049-4848-a8c1-0c3b060ffc94,2022-09-22 16:55:00
f109f882-05e7-4a25-bc67-d3dcc9ba0ec7,2022-10-12 13:56:00
be90790b-fe9b-4823-9f25-e6d481eba67b,2022-05-12 01:24:00
72099132-01ff-4173-a985-fe5bad29f94a,2022-02-08 11:16:00
171000de-ef1c-4f31-be80-543bf0bd2f7e,2022-06-05 12:18:00
b474837b-9316-4858-9792-761fd3f32bda,2022-07-24 15:34:00
53bae2bf-d198-4697-b67e-ae905443f16b,2022-06-28 02:55:00
dc716222-a44b-46a4-b9cc-67ce8ba53d14,2022-09-11 01:38:00
3907e307-d2fa-49ba-9ba4-b8e4b6669545,2022-10-08 03:13:00
f135cf58-1c5c-4e71-99a2-d5c8a64f6f83,2022-01-10 07:22:00
feff5b4a-e541-4efb-bece-c3546e80a944,2022-10-15 09:30:00
fb22c7e2-3761-462a-b931-d5137246acbe,2022-12-27 11:50:00
09ff0919-955a-4f74-be6c-d9b5a2977d6d,2022-05-12 23:44:00
4044aef5-569e-479c-b1e7-7911e04c1a2a,2022-10-11 06:48:00
d18c3a4e-850d-4c2b-afd4-1a3a4073f1c9,2022-01-05 13:10:00
53a6c913-587f-4848-854f-742dfc68a532,2022-12-25 22:53:00
bd20d373-370c-40c7-a274-2683f7ee3c28,2022-02-03 11:09:00
a7ab657c-2ff0-4533-9749-089dcd17cc2b,2022-08-03 06:47:00
fd7048d6-e1d5-4916-a9cf-9bbb71641582,2022-10-01 05:52:00
db38f0bf-decf-47ba-9a50-6fc940d23231,2022-10-06 22:30:00
d4d6ac42-0af0-4660-a4f5-ae7295f7a9b2,2022-02-11 06:28:00
545bbd26-2217-407b-9843-8a3200d2ccc4,2022-06-08 07:38:00
62ac4bad-c822-462e-b648-89478567be8e,2022-07-26 15:00:00
b4586d89-ecde-4c11-b640-f2ad74bb8f8d,2022-11-14 16:19:00
559f2420-dfc5-4bd2-9c94-07f1f02115a1,2022-01-21 03:34:00
46c28d2a-f89f-488f-801c-a9425ebde97e,2022-01-26 20:13:00
8cc72f69-4fec-4709-bd1b-fab3c4bed4fd,2022-02-24 05:43:00
5a1c9c22-2b49-4702-b4eb-3432749e305a,2022-06-07 22:37:00
559f2420-dfc5-4bd2-9c94-07f1f02115a1,2022-08-13 13:25:00
a76f9f9a-3ed6-4873-b23f-40268a6bcf67,2022-05-16 16:31:00
4c7d05f7-5073-403a-a7a4-0b4d5cf67913,2022-05-11 05:27:00
32e56f54-ea89-4531-b5dd-e6d53f8e9ce5,2022-03-13 21:35:00
edbd3c8c-563d-42bf-be78-de5b982c6e37,2022-03-22 04:20:00
c5eeaf3f-618c-4414-899f-9403b4f48a03,2022-05-20 23:38:00
24538669-30ed-4f66-81b4-6ad0fdc43039,2022-01-02 01:58:00
b5989b38-c13d-4674-aa43-d857d9d2f829,2022-08-02 12:03:00
2cb60274-2bf8-476e-95c0-5030ca1e38b4,2022-10-02 04:16:00
b1bba2a4-5d56-4a52-8686-8de21e9c9bd9,2022-02-21 14:49:00
2814f674-8ba5-47b5-88e1-69309f8677f0,2022-12-03 13:27:00
d41c6916-6772-46e3-bf23-7869aff9fbdc,2022-05-04 23:01:00
e6398679-9722-4f92-b7f7-7789ce1db9ac,2022-10-26 09:58:00
d1ae87ae-bfd2-4149-bfcc-43ece7f271a4,2022-11-13 02:42:00
a3c44d7a-7203-4c74-b2b1-b8e95a563402,2022-04-05 01:58:00
195f508f-b779-498d-b75e-eac0b78cd588,2022-04-05 22:24:00
81cc32f5-e9fd-41d1-8ed3-df1fed8fc314,2022-01-09 01:12:00
21a6d8c7-e67d-454c-8e7b-a1bce9221cff,2022-05-06 09:15:00
0f3a0f0a-c926-4794-9fb9-62ddfec6e9ff,2022-07-27 08:54:00
d6360d20-a2c2-49a8-bb37-93f956a9c6ee,2022-07-14 13:07:00
b5713e5d-674e-4567-bce1-5a04b2b86e5a,2022-05-27 18:10:00
ad81285c-ea40-4363-befc-f00d83f2f3ff,2022-04-20 17:07:00
3e09fc19-c78f-4405-9d5a-87c8b27b4469,2022-01-02 15:26:00
6307891c-1383-4496-8d1f-785f23dee356,2022-10-08 04:52:00
b9752cdd-bcb9-4dfd-901a-61cde1436e86,2022-06-20 01:58:00
cf6c0041-8a2b-43de-82b7-5e4765737090,2022-12-01 21:37:00
9e991230-bb06-4db7-9022-23c0637171e1,2022-05-13 16:37:00
c69d9645-ad65-46cd-b385-1673b33b8e8e,2022-04-09 23:36:00
2cb60274-2bf8-476e-95c0-5030ca1e38b4,2022-07-13 11:20:00
b62193a9-f38d-470c-8620-64d1803638ce,2022-02-24 18:55:00
5fe3ead8-1c0e-49a2-a52b-5b0fac46a51e,2022-03-04 08:19:00
bd9676d5-4338-4757-9a31-264c95456531,2022-04-14 13:49:00
a9d09502-5e28-4fa3-9629-cd09c37462c9,2022-03-06 18:24:00
6de2a3d3-02aa-4e0e-b014-b3b72768474b,2022-08-24 08:21:00
8a048a79-0828-49a5-8a40-149aab396c8e,2022-12-12 13:26:00
726759ee-199d-4fe4-9d17-3f6e900e95f4,2022-03-21 01:24:00
22901752-f8e9-477d-8b4a-71db20116895,2022-07-07 01:38:00
1c719898-3221-46fe-a7ce-0650ec928fe6,2022-12-12 18:24:00
43e3da1f-91ec-41cb-acdf-33fda0972b3c,2022-09-18 09:32:00
467b31bf-f38d-4e2f-b0d8-0e41bd4fdab3,2022-03-26 03:20:00
ed2fd4d1-cbdd-4d48-b00b-55fe110f4e0f,2022-11-24 08:21:00
a6810c53-b991-4e9d-9856-34b1723f84e1,2022-02-25 05:50:00
d42f1a3d-7104-47c3-8051-0f8a838938bc,2022-12-25 03:03:00
f5090add-63fd-42e9-9adb-41e91cc01ab2,2022-01-26 23:05:00
e2bac5e4-1423-49ae-a594-a2a422ee0b01,2022-12-21 05:47:00
eaf53fc8-0c40-40d0-90eb-57b5c3f92a4c,2022-01-16 11:37:00
a9f47140-971f-4e5f-a4ff-6199887f65ce,2022-05-27 14:16:00
6b0a1ea8-93c3-4f45-83b9-1644d518f175,2022-08-15 03:54:00
d9b5031f-d5c1-4c3b-8a75-90c0f7770c62,2022-11-23 08:25:00
1c0bbd73-725d-460b-9686-eac8ac4f086a,2022-03-15 21:12:00
887d18b4-4704-4957-8cb2-4eb7ec69e21a,2022-05-02 15:43:00
360afc04-d7eb-41ca-8093-6ef0137554b7,2022-07-19 03:26:00
4c68f6a1-1490-48eb-829e-cb7ca4f48daa,2022-07-15 07:53:00
b7bbe4eb-8c9a-4801-a09b-6b26049f4c7c,2022-01-07 12:59:00
682276e3-a63c-46f8-ad99-7925ef813fad,2022-03-08 04:16:00
993efd14-f623-4e3d-8b49-61c49674dcfa,2022-08-22 03:04:00
c69d9645-ad65-46cd-b385-1673b33b8e8e,2022-07-09 23:02:00
247fd373-e85b-4c0a-aaa4-b3c96ca579b3,2022-08-15 16:08:00
b1a6cf07-85b8-466d-9cd1-1fa582c75c36,2022-03-11 01:19:00
eb8ef449-f148-43ec-a97e-799af0ceb48e,2022-09-19 20:41:00
d13cf8a9-c8a7-49ed-a315-27c1c05081c6,2022-01-03 00:39:00
5124ae96-8bdc-4498-879a-43d26474ec57,2022-04-17 12:25:00
d7cd9a7c-aef9-4c3a-8099-afb5711b8dda,2022-06-12 21:51:00
0c4d68b0-f5f3-4b9a-9f64-6bc5bb745649,2022-10-09 04:08:00
3582e472-6dcc-4cb4-98a7-bf47a88585f3,2022-10-11 11:57:00
4e9032cd-b973-4717-95e9-edcf3b687744,2022-01-14 19:29:00
dc716222-a44b-46a4-b9cc-67ce8ba53d14,2022-02-09 00:25:00
8dc3b525-3b6d-4e94-84ae-9c3ff8ae074d,2022-12-28 14:17:00
8a0a045d-73fe-4994-a695-e05567e13b8e,2022-03-28 17:16:00
cfeaaa17-2a22-45ee-a253-92f5ebf73fad,2022-08-05 06:06:00
8cbecbb3-02ff-4123-a89f-4150bd6a0683,2022-01-22 11:57:00
e10c9923-26ae-4f71-89cb-b75a793a22d8,2022-06-24 17:34:00
45e50396-ef32-485b-91bd-bb1786a3344f,2022-06-16 17:49:00
993efd14-f623-4e3d-8b49-61c49674dcfa,2022-09-07 01:49:00
dbcbc10a-45dc-4100-93be-0f424158b3b4,2022-10-28 18:33:00
22901752-f8e9-477d-8b4a-71db20116895,2022-12-19 11:24:00
31a9332c-d0f7-4556-85ca-3ebf9e32858f,2022-11-25 08:40:00
a00e223e-94bc-43bd-9ed2-c94751eb4be8,2022-05-02 02:18:00
764badfb-281c-42e7-afa0-24d133f8d4e5,2022-01-10 19:54:00
00acf2cf-861e-41f2-bf08-156278736eac,2022-12-22 05:58:00
eb53898e-35ef-4258-975c-02f880a7227f,2022-02-15 06:39:00
d4d6ac42-0af0-4660-a4f5-ae7295f7a9b2,2022-09-02 20:23:00
50dfd73e-a29b-43b4-bb3b-ae87d82f2d47,2022-11-17 06:36:00
117f7a2a-3223-4dfc-b1d7-8a2283cec6ec,2022-06-27 09:05:00
606f40bd-e2f2-41b0-bc8d-3794d639a76f,2022-01-05 03:08:00
ea3ae329-198a-4975-90dc-32e073c87e2c,2022-12-13 08:43:00
c1ac5908-2da5-4c89-b611-96e9e734fa1a,2022-08-09 05:50:00
934020f5-40c6-4dca-81d1-2029d72b495d,2022-01-23 20:25:00
f00d89a1-ecff-4431-9c5e-1f8cf743f421,2022-10-25 07:22:00
18f6df9e-99e4-4169-b141-7b475af2041b,2022-12-22 07:50:00
57b9d5ba-e42d-4f07-a9a3-9df1bb3a84f8,2022-01-25 13:03:00
437bfc2b-a9ee-47f5-9d4d-cd1cf4444b72,2022-07-01 22:28:00
1c4227f7-6775-4662-ba6f-3945dd9bba72,2022-03-15 07:40:00
e2384ad8-4de6-472a-9473-1f7f8e074d9c,2022-10-10 02:34:00
949e9f9d-536e-4fe9-a748-8daa0d1bb609,2022-09-22 21:27:00
fe1bb7b9-cde4-4361-86d9-50523e84099d,2022-11-03 07:03:00
ad45258a-b94c-4d35-8325-d708657cf7df,2022-03-20 21:16:00
232a5b96-bfd7-4fd5-a797-e120fcf5930b,2022-10-17 06:25:00
279da20d-3faf-4f7b-b0cc-cc5cd9c91270,2022-06-09 03:27:00
cf8cb7ad-5422-4b6f-bd76-6473f9575778,2022-11-01 18:54:00
f3e58a6a-4fcf-4425-af46-b664bb469e70,2022-05-06 10:52:00
f135cf58-1c5c-4e71-99a2-d5c8a64f6f83,2022-04-03 00:11:00
49154f12-2301-41e0-9c53-07e3f29156c0,2022-04-24 04:46:00
67ca0f83-a809-44b2-896d-42325be0c66f,2022-06-05 14:46:00
a07d368d-f6b5-4cb2-bc43-de24db4b99b7,2022-03-16 03:12:00
477c9957-a8ad-4c06-a038-df874dd72c35,2022-09-12 10:21:00
87201fc1-5053-4947-ad26-ffc0c06c0a65,2022-12-15 23:27:00
d139565c-37e4-4986-9143-e3fc8182704d,2022-08-02 05:12:00
c4675c8f-2565-49f4-bc97-425fd188c516,2022-09-15 09:21:00
f969da3a-8a09-4e62-954d-13b4b7df85f5,2022-11-03 11:18:00
349810b2-a366-4a71-832d-20cb2672904e,2022-07-27 12:51:00
1c4227f7-6775-4662-ba6f-3945dd9bba72,2022-09-12 07:09:00
33e5a19f-8ce4-4826-8a02-bf23a9ee1a74,2022-10-23 00:18:00
9f5b442d-e6ee-49ee-8b64-32b903ccf67c,2022-07-11 05:06:00
5992117d-fe6e-45c1-b2c4-fd4d302211e8,2022-07-21 12:16:00
631bff5d-d7b2-476f-8041-31e1afb71f08,2022-06-08 17:52:00
15c7112b-6c92-4764-92e3-be3cbebc98a6,2022-05-26 15:59:00
e971d78d-f1da-49b2-a08f-d9d75235d45c,2022-01-14 06:44:00
2734fc76-db3c-4ef4-b6fe-57398170befe,2022-06-09 12:05:00
a5b252de-4e80-4249-a836-fa04d8dc2cac,2022-01-28 13:58:00
117f7a2a-3223-4dfc-b1d7-8a2283cec6ec,2022-02-08 20:07:00
7de31751-cc25-4346-a24b-255ccb19d2c4,2022-04-14 00:06:00
40eb694f-4c92-43bd-8797-b8a112b8a3b2,2022-02-14 21:12:00
9c8295cb-10f5-4b76-80e7-e74de316e191,2022-03-18 04:36:00
bda72bb1-8c9d-4c30-b9d5-a685ff9400f3,2022-05-10 13:15:00
cc25ffe2-f9a5-49a6-96ed-0b234b139e43,2022-07-08 21:24:00
cc25ffe2-f9a5-49a6-96ed-0b234b139e43,2022-08-18 03:42:00
d42c01c5-8b50-45b5-a8b8-6cd3e54dbc90,2022-02-03 20:12:00
f0d69413-65db-476b-b424-c70d8d4ac80e,2022-02-08 00:40:00
d3c2c6aa-8113-45a9-85dd-72509207eab6,2022-12-13 19:21:00
fde2005a-29a7-4996-850f-639b89ae3815,2022-04-16 17:11:00
6520f725-27ae-4b03-a0bb-98543ba1063a,2022-11-21 17:11:00
50806f75-4d6c-4e5d-8c8e-c06f68d56f62,2022-05-12 20:29:00
bd9b70e0-b862-4937-8891-9ef7106e82db,2022-08-13 11:18:00
dfe677d7-43f8-41fd-83d1-b40972761de8,2022-06-28 14:48:00
4c7d05f7-5073-403a-a7a4-0b4d5cf67913,2022-05-21 02:30:00
b2e3fc94-0808-475f-a49d-ca8574f29f29,2022-05-26 05:07:00
c7d0cf56-1895-4911-a1c9-b7359d842114,2022-02-13 08:02:00
13575d52-bb69-4ae4-89cc-212daf964fe7,2022-06-09 06:35:00
7e6c8679-ed7d-4078-b8c2-baa48be8eb9f,2022-08-12 00:24:00
546670f8-8fd3-4de1-bc3b-dd7a2398ceff,2022-01-02 23:15:00
b642c2af-b359-4669-ab41-9f70121e58fd,2022-08-22 01:38:00
79c33a1b-7cb5-413b-812e-f8c30b5e0e11,2022-09-28 11:27:00
c0cd1765-ddb2-4a2f-90a9-4c2ac8df66ef,2022-07-16 00:09:00
e330a743-a8d2-40fd-8b48-769f55630d3b,2022-09-06 04:58:00
bab6124c-9791-45cf-9e65-6ca6bc333bf3,2022-09-01 20:25:00
3fecfc04-4a06-42a6-9d74-9ed7ddd469d2,2022-01-17 18:38:00
ecc6b50c-6731-4775-bfeb-2757ca020b1c,2022-05-15 08:31:00
53bae2bf-d198-4697-b67e-ae905443f16b,2022-04-16 18:08:00
f614ed5a-0f6a-475d-81b4-f39580cf1418,2022-01-21 13:47:00
c557b4b9-d45a-4565-b8fa-317503d5a5d2,2022-01-22 18:00:00
0c372e1b-a1c1-4b17-9ec6-c8ffb79346eb,2022-01-25 10:12:00
6bada3b2-2f45-4248-9536-fd01461a0fb4,2022-08-19 15:57:00
40eb694f-4c92-43bd-8797-b8a112b8a3b2,2022-12-24 16:24:00
d0f09315-08a2-4903-b952-264e6a941667,2022-07-03 08:44:00
539d3727-d92e-434f-95f3-9c4338f0a8ac,2022-04-12 22:40:00
eebe9253-7a91-4017-a8c8-6e4d70e324d2,2022-09-11 15:59:00
546670f8-8fd3-4de1-bc3b-dd7a2398ceff,2022-08-16 01:09:00
2cf9b080-4ea3-4704-af07-7cd2a5e73ddd,2022-04-23 11:05:00
dd23ab25-6b88-45d3-a3bb-fb2c53d59507,2022-01-05 02:40:00
36a04ebe-8331-415f-a5a3-cc6cf79e8d5f,2022-09-11 23:57:00
210c9e48-449b-4af7-93d1-052bbefa7cee,2022-04-05 11:24:00
e905e685-cf11-45a2-bc16-10c357e06ecf,2022-08-18 06:53:00
7dc4dd26-ad60-4283-b336-519e6172f1a2,2022-06-18 19:43:00
917d29e8-6878-4ac8-baa3-f2fabeb5697b,2022-08-08 04:30:00
aa6c55a4-d9f6-4a72-bf0f-0ed4d4a7ea78,2022-02-23 19:51:00
cf6c0041-8a2b-43de-82b7-5e4765737090,2022-11-14 08:00:00
c1ac5908-2da5-4c89-b611-96e9e734fa1a,2022-12-09 17:10:00
40395d40-1bf1-40be-9b9e-a5a63f856d7b,2022-08-26 18:59:00
9813b23c-6bbf-4062-a307-b1bceb0f4945,2022-12-20 00:20:00
4c7d05f7-5073-403a-a7a4-0b4d5cf67913,2022-09-02 18:58:00
170f16be-95e7-435e-91b2-27942da3a22a,2022-08-13 03:59:00
e8bdfe58-a08c-4c55-9f68-72e73bfded46,2022-10-06 03:35:00
7f2586ea-a7b2-464d-8caa-4936c8865702,2022-07-11 02:51:00
2ec39001-c808-4db7-b001-109f915e4e4e,2022-09-12 03:03:00
4e62c1ab-48dc-4c3f-9678-78a93086ab09,2022-06-19 15:40:00
3f8f306f-df80-4a07-b158-dc5007f0bab9,2022-12-02 03:52:00
b3f2c183-2b51-46cd-939f-3c9edbd5435a,2022-06-21 10:57:00
83b1548a-1031-467b-9c8c-3a637612761e,2022-05-25 12:31:00
4c9ec250-31c6-4e90-9503-4fcba6f928ac,2022-04-07 10:27:00
88712dc5-2d69-4ec3-8fbc-9681332e0734,2022-11-18 21:17:00
e1e2f57f-24e7-410c-ae5e-c2c5c0905992,2022-06-10 11:56:00
f0d69413-65db-476b-b424-c70d8d4ac80e,2022-09-14 01:02:00
67996bdd-a5c6-46d0-9054-f23b955fc0ad,2022-09-27 11:06:00
16e0159d-9cee-4073-95f9-8facfc6d1b77,2022-11-17 23:03:00
186c45bf-27b8-423a-b156-2841effbc40a,2022-12-07 13:54:00
fb5d4193-362f-4677-b49f-9597ea79bdfc,2022-08-19 15:22:00
53bae2bf-d198-4697-b67e-ae905443f16b,2022-08-17 06:07:00
45e50396-ef32-485b-91bd-bb1786a3344f,2022-09-05 23:05:00
6cc5da16-d9a2-45b6-96fa-4115d7890784,2022-02-22 15:11:00
1cecb66c-5d3c-4aa3-9dcb-1e991695dc34,2022-12-03 06:37:00
037e8b29-2bbe-4761-b5a0-e41ffe1c5410,2022-04-03 11:27:00
7f2586ea-a7b2-464d-8caa-4936c8865702,2022-06-07 16:23:00
eaf53fc8-0c40-40d0-90eb-57b5c3f92a4c,2022-11-16 17:46:00
081cc96a-6eee-498b-8033-23e7ad59d67a,2022-09-22 02:14:00
b5713e5d-674e-4567-bce1-5a04b2b86e5a,2022-04-18 10:08:00
ba29f1ce-a7aa-403a-91aa-d0169d1e990b,2022-04-05 09:12:00
1d448388-1020-41d1-a2ad-56e4480fe1cd,2022-06-21 23:34:00
26644b9c-a289-4071-886a-4c3e91766428,2022-06-28 13:00:00
b1bba2a4-5d56-4a52-8686-8de21e9c9bd9,2022-04-27 05:34:00
be90790b-fe9b-4823-9f25-e6d481eba67b,2022-06-27 12:29:00
470f95c7-8e2e-45d2-9e71-ea8b798b4869,2022-04-09 02:29:00
bef76262-eea6-4f06-a010-bb9b564e9a6c,2022-05-12 15:43:00
f52b7dda-c5d6-47ea-aa9d-3c0c8a0f8cd4,2022-02-02 07:59:00
5cf566fe-47c1-40c5-a8dc-f3798f70c925,2022-01-03 14:04:00
2d25bdb3-e02a-485c-bf24-77835576c23c,2022-06-08 09:26:00
6266c691-7f32-444c-b744-a0a49e922810,2022-08-11 09:55:00
6baaa0db-45d7-42e8-a9db-7ec70a56fc9d,2022-11-13 16:42:00
7d4069fc-1a14-494a-8c36-17e5aeb5b0b3,2022-03-05 08:23:00
89074a12-98a9-4055-9f2d-ba67e1a248de,2022-12-11 08:52:00
d0f09315-08a2-4903-b952-264e6a941667,2022-02-26 06:13:00
a004aae4-b3b7-4d66-92c2-a73c93127673,2022-01-22 11:08:00
b9752cdd-bcb9-4dfd-901a-61cde1436e86,2022-09-07 09:18:00
75027f48-e30e-47f0-b213-84de4833cfed,2022-01-16 11:18:00
69010b5f-0eee-42b2-9c68-f1b2502c9ca1,2022-06-15 21:52:00
17199b6d-e1d0-416f-8186-13238afc2c52,2022-06-18 17:23:00
30ec25d5-b8f7-49e3-aff5-b04297878fbb,2022-08-27 07:33:00
405a2923-20f2-477e-8991-7dc4ccb385d9,2022-05-25 07:17:00
805bfe91-38ed-43e8-864d-7a4fb2d3c542,2022-06-24 15:10:00
da4f856e-fe62-460f-a717-c154462c7449,2022-02-18 09:10:00
e330a743-a8d2-40fd-8b48-769f55630d3b,2022-06-09 15:51:00
5c488dad-1f56-4a3d-98cf-d450e6d812ff,2022-09-13 08:13:00
62ac4bad-c822-462e-b648-89478567be8e,2022-06-25 10:22:00
40395d40-1bf1-40be-9b9e-a5a63f856d7b,2022-05-12 06:36:00
36c67fc3-d4e4-4e13-ac5e-e54e9b092820,2022-11-14 21:16:00
b3f2c183-2b51-46cd-939f-3c9edbd5435a,2022-07-09 23:53:00
b238cf65-7339-48aa-8b8a-2c33625e0adb,2022-05-02 01:30:00
b9ea7f22-c79b-40fc-a344-ddb48ab4f933,2022-11-01 13:51:00
13ee4814-af11-4941-bd9f-e27af935ba69,2022-04-21 00:34:00
a88c2f2c-6dee-4643-8a0a-d133dfa4d6d4,2022-01-19 06:27:00
69c1326b-ecba-4070-98de-bd74ac607232,2022-04-05 18:28:00
b1bba2a4-5d56-4a52-8686-8de21e9c9bd9,2022-10-06 22:28:00
24cdc0d3-e04b-4ead-bce6-1e43d7a46bfc,2022-04-11 12:01:00
3d439e44-586f-4910-8d7d-ebb0386ff4db,2022-11-23 14:14:00
0ffeb293-414e-42f8-ac58-51ccffab9622,2022-02-27 23:42:00
1655c0dc-7ff6-408f-8ba7-748db2ef6e9e,2022-01-15 07:52:00
5276bbb0-e3c0-41dc-ad1a-44dead8b9092,2022-11-05 15:45:00
36854c35-4f72-4992-9e77-b01c7df0c832,2022-05-04 08:28:00
917d29e8-6878-4ac8-baa3-f2fabeb5697b,2022-07-15 13:38:00
a3c44d7a-7203-4c74-b2b1-b8e95a563402,2022-09-28 19:13:00
9d3059c7-e7af-4082-a9c2-ab2261e67ac2,2022-06-11 10:47:00
bfd0e121-0690-420e-9a41-cf7fc14dc9c9,2022-12-24 12:49:00
2b3d15dc-5577-49dc-92b3-12ff67391ae7,2022-03-24 11:09:00
232a5b96-bfd7-4fd5-a797-e120fcf5930b,2022-10-22 13:07:00
0dac31ee-06d8-45a5-9d3f-e4097158878f,2022-09-24 21:34:00
80a97aa7-61c2-4109-98a8-ac5bfaa95a1f,2022-01-09 09:48:00
c767e5e3-c180-4618-b3c3-0000387237c6,2022-03-03 11:28:00
ad81285c-ea40-4363-befc-f00d83f2f3ff,2022-04-06 23:29:00
6676913e-9492-48a0-96cf-b38c7a16db5b,2022-12-02 04:27:00
d69294b4-4ee5-4b8f-ade3-6d7e246a39e1,2022-01-21 07:26:00
7f2586ea-a7b2-464d-8caa-4936c8865702,2022-05-27 23:45:00
b7431972-9af8-478d-bd84-7320d53a0ca9,2022-11-05 03:25:00
b1a6cf07-85b8-466d-9cd1-1fa582c75c36,2022-11-28 08:09:00
eebe9253-7a91-4017-a8c8-6e4d70e324d2,2022-09-06 21:49:00
e8bdfe58-a08c-4c55-9f68-72e73bfded46,2022-11-18 15:46:00
07df6bed-a87e-4e3d-9cd9-a1465a0b32e4,2022-10-12 05:22:00
4657c91d-89a9-44af-8220-ecc041eb8efb,2022-12-15 07:42:00
4baeb60c-2df5-47ac-a46b-107efddc5a19,2022-11-11 04:45:00
7437108d-53c8-4e10-80ab-37d346647b89,2022-11-04 07:10:00
2f7f882e-5c08-43f0-8384-71a71d9e3762,2022-10-21 22:01:00
36c67fc3-d4e4-4e13-ac5e-e54e9b092820,2022-12-13 06:13:00
917d29e8-6878-4ac8-baa3-f2fabeb5697b,2022-03-26 02:14:00
068c6fe5-417e-4621-b15d-da07cbf5a42f,2022-06-02 22:51:00
4b13e7d9-6d99-4e25-adc4-a2b229d3c43b,2022-10-03 06:50:00
6416ee3f-bb4a-479b-b5f4-d3c585218f03,2022-12-07 09:14:00
0b031ee1-3713-4fce-88de-416667547901,2022-05-23 19:12:00
24538669-30ed-4f66-81b4-6ad0fdc43039,2022-08-01 19:49:00
bf2d2390-ab28-49ff-8a7c-624ea9b132f1,2022-12-16 08:07:00
29e9bd38-2560-40e9-b7df-36f0b4efa08a,2022-01-24 19:41:00
6cbca30d-cd26-42d7-b766-685f2e2864ea,2022-06-07 05:04:00
2327dba1-3664-46f6-8599-08f1ae9f2241,2022-04-15 19:57:00
8244086a-8dfa-4770-a37c-72ee441d8e0f,2022-04-11 00:56:00
b5989b38-c13d-4674-aa43-d857d9d2f829,2022-10-11 13:05:00
4e9032cd-b973-4717-95e9-edcf3b687744,2022-02-11 19:50:00
360afc04-d7eb-41ca-8093-6ef0137554b7,2022-03-25 09:33:00
8244086a-8dfa-4770-a37c-72ee441d8e0f,2022-01-19 07:35:00
75e307ee-ff6b-4cc1-9949-d123d3bae148,2022-05-17 19:02:00
97f85b6f-2c70-4aa9-9ef8-5ce38f6b22d9,2022-01-27 11:54:00
2f93566e-89af-42ca-91d4-a81666fa7196,2022-12-23 04:07:00
6bfe5316-91ae-4145-9085-a12589b5116f,2022-12-27 15:05:00
612f69d1-5b86-4291-9466-6723bc9b161b,2022-03-14 12:16:00
d04c88ec-669d-48ed-acdc-10e9ee0ee1b7,2022-02-12 07:25:00
09ff0919-955a-4f74-be6c-d9b5a2977d6d,2022-07-04 02:50:00
dde77d56-c47a-4c39-99ab-2777637cb63e,2022-04-08 00:09:00
3f8f306f-df80-4a07-b158-dc5007f0bab9,2022-12-08 02:31:00
307cbe7f-ad8c-4b86-9719-51cabb336940,2022-06-04 06:25:00
170f16be-95e7-435e-91b2-27942da3a22a,2022-01-19 07:17:00
2f93566e-89af-42ca-91d4-a81666fa7196,2022-05-19 17:32:00
8d485935-e778-41e3-b567-78d9d8aad25a,2022-08-04 12:02:00
dde77d56-c47a-4c39-99ab-2777637cb63e,2022-11-06 12:51:00
601cc44c-9b87-4e2a-8846-cc478094e8d2,2022-09-28 11:52:00
93cb7a5b-07d9-46b9-a195-9c8c9ba39a1b,2022-06-18 18:32:00
7d4069fc-1a14-494a-8c36-17e5aeb5b0b3,2022-01-10 06:19:00
cde2d364-162e-40b4-bf92-b1569e244402,2022-02-11 13:04:00
08dec503-2b7f-4d25-9388-7e7dbdcd7797,2022-04-19 18:50:00
b06a71c7-3702-4abc-8f71-d6cd83da271d,2022-07-17 04:08:00
c7098daf-e6bb-4367-bbb8-005f37858a46,2022-09-26 08:33:00
8ec2c2e8-dd79-44f9-a5d9-64bc02fc40cc,2022-05-06 12:21:00
20a22d60-2cf6-4beb-a1d9-a855bb3cd5bb,2022-11-07 22:52:00
119cc060-9620-40fd-afb4-bd5ad71ca5ba,2022-04-14 06:16:00
eb53898e-35ef-4258-975c-02f880a7227f,2022-08-16 09:21:00
edbd3c8c-563d-42bf-be78-de5b982c6e37,2022-06-10 20:00:00
eb8ef449-f148-43ec-a97e-799af0ceb48e,2022-02-03 20:34:00
18dace83-2437-4877-bd60-5e833d89efc3,2022-09-05 04:43:00
ea64881c-0e68-4f18-9930-b07f2c7daba8,2022-02-18 14:22:00
1d917b28-9b0f-4642-b9be-7dc7372a00cc,2022-10-15 08:39:00
9b19fb19-c938-40aa-883f-0f618996346e,2022-06-17 23:10:00
ff545ec7-4043-4919-bdb4-ff5a63e983ac,2022-11-08 02:22:00
6216e5ed-3b58-4e8a-ac47-9c63f537ffdb,2022-11-09 10:49:00
cec89988-5c46-40d7-8974-3b782f69350a,2022-12-02 12:39:00
39214150-0096-444b-9a14-6e0382046d90,2022-04-10 09:29:00
8b1218ee-5ba3-447d-93d5-346349e4c9d8,2022-09-21 05:45:00
d433fe03-9ce9-4056-be79-bdce9fb8416f,2022-08-09 17:58:00
9be0de59-b577-4cbc-970c-2a99ae101ede,2022-04-07 15:54:00
a7d644ab-84de-40b1-9a46-653c466be0aa,2022-04-15 04:41:00
b9752cdd-bcb9-4dfd-901a-61cde1436e86,2022-10-16 04:10:00
232e8dfe-7e2c-4695-a258-21ac09704986,2022-09-23 11:52:00
ce0bf44b-769c-4c12-9a70-eca5c23a7978,2022-07-13 20:31:00
e6398679-9722-4f92-b7f7-7789ce1db9ac,2022-03-25 11:14:00
0bf7bcfc-f411-4c12-be4b-b1a4b8ae454d,2022-04-03 22:13:00
eebe9253-7a91-4017-a8c8-6e4d70e324d2,2022-07-01 19:41:00
82a95067-1ec1-4547-9a9d-a33cab94c523,2022-05-28 20:06:00
f4faf42c-26c9-49a1-bd93-426f561911a3,2022-01-12 20:14:00
682276e3-a63c-46f8-ad99-7925ef813fad,2022-07-21 14:15:00
5d8903f8-548a-4c3c-9c22-f715d2ecf653,2022-09-04 02:44:00
d3c2c6aa-8113-45a9-85dd-72509207eab6,2022-07-19 16:48:00
e20b1794-7da7-41da-818a-bb05c05e51ab,2022-03-22 22:02:00
74395574-94ca-4402-8dc3-ea4146266444,2022-06-15 01:11:00
15c7112b-6c92-4764-92e3-be3cbebc98a6,2022-06-10 11:31:00
26644b9c-a289-4071-886a-4c3e91766428,2022-12-20 18:18:00
625329ba-26bd-43c3-9cf0-5e5521c958e4,2022-02-20 07:18:00
145b0bcf-d3f7-4d5b-a160-72e9b3ad5a32,2022-02-13 11:29:00
71b02643-b60c-48c3-8630-d12dfc0702cd,2022-01-24 22:40:00
78cc720f-2d0c-4ced-9062-a58788bd8df2,2022-04-25 19:22:00
0626366e-8d6d-4d37-8500-e8a5708e7ca0,2022-05-08 16:44:00
e5d271d3-b939-40a1-b427-5913d6a18450,2022-10-23 09:30:00
1269c77f-548b-4183-9ba6-35f2f182418d,2022-10-02 10:23:00
cf6d383d-8a23-4fe1-a780-d84f321c2168,2022-03-11 16:55:00
b474837b-9316-4858-9792-761fd3f32bda,2022-08-24 22:44:00
b95e2afc-ce05-4c20-a616-c14d2ecb2ee6,2022-10-18 00:27:00
9ae4992b-6b83-4fe6-a0ac-f58fb39027cb,2022-01-04 21:03:00
1b19686c-95b3-4ee3-a04c-b7c5f8de4a7a,2022-06-24 01:42:00
fe1bb7b9-cde4-4361-86d9-50523e84099d,2022-05-24 08:03:00
d0f09315-08a2-4903-b952-264e6a941667,2022-04-26 08:34:00
be3010a5-76eb-434f-b0d0-bc5397be5895,2022-05-25 16:29:00
410f789b-c43c-479a-83f1-7ea1b2a6fcdc,2022-06-25 01:20:00
601cc44c-9b87-4e2a-8846-cc478094e8d2,2022-09-14 04:17:00
0ef05130-a4b7-4a0e-8e5d-cc61d7423e45,2022-07-20 01:11:00
022a6a13-1223-4ed4-8650-e68565552f00,2022-10-16 14:47:00
19ea0f16-e67f-4360-9609-3120fea00cb1,2022-04-10 18:03:00
c3ae43ae-410d-4976-b998-8214c5dd79c9,2022-03-15 17:19:00
36c67fc3-d4e4-4e13-ac5e-e54e9b092820,2022-12-26 05:18:00
61f1f508-3817-4495-a3c0-bffd2643e1c2,2022-10-08 08:31:00
e10c9923-26ae-4f71-89cb-b75a793a22d8,2022-08-18 23:42:00
fb18f7c2-b6a3-40b9-920b-34cd5f63add3,2022-10-06 11:26:00
bd9b70e0-b862-4937-8891-9ef7106e82db,2022-04-09 11:58:00
50c63511-14bd-45b7-aaae-13313715582f,2022-07-18 08:33:00
30fd1a18-fda1-40af-98d5-97d122519226,2022-03-05 22:52:00
11959d5b-c3d4-41d8-a97b-e43e6aebd3a3,2022-09-27 14:47:00
827102ff-3d00-4a3c-be4a-8658a31ef3a8,2022-07-26 02:36:00
52d47eaa-8b4f-4831-9d5c-7d31cbe0e6b0,2022-11-19 21:51:00
45e624d8-e8c5-4762-b1cf-8c8f981ebe5b,2022-06-05 07:34:00
842d8fea-1174-4926-9ebc-db48c78cdd76,2022-01-07 22:55:00
46fd9b59-db91-450d-990e-09c0a50b00a2,2022-10-19 17:27:00
e2384ad8-4de6-472a-9473-1f7f8e074d9c,2022-05-08 14:03:00
cfeaaa17-2a22-45ee-a253-92f5ebf73fad,2022-12-28 20:41:00
c4c5c260-c180-4cbc-9d15-eda579a67044,2022-02-12 04:06:00
4fc30938-31b7-46df-bf59-6a4b06d2a29d,2022-12-26 08:33:00
3ed635b6-e5f8-4067-ae50-43b65c2c7e42,2022-05-06 10:27:00
dbcbc10a-45dc-4100-93be-0f424158b3b4,2022-03-01 16:09:00
a00e223e-94bc-43bd-9ed2-c94751eb4be8,2022-09-20 03:21:00
dc1b80ac-b08b-49cf-b51a-c8656191b65d,2022-11-01 17:00:00
b1bba2a4-5d56-4a52-8686-8de21e9c9bd9,2022-02-23 14:34:00
4c7d05f7-5073-403a-a7a4-0b4d5cf67913,2022-01-10 19:23:00
710c51f0-c111-480c-be44-89f50f708c69,2022-10-06 18:17:00
6808f74c-27df-405f-b7a7-12473ec22487,2022-11-08 17:24:00
24a96364-4d1b-485b-b50d-12beb9eab329,2022-05-06 04:29:00
b31906ea-343b-4055-8fd8-53bd7d73751f,2022-01-22 07:31:00
d67b5494-c4b8-4a26-b84c-a0a90681a5dc,2022-06-26 05:25:00
b31906ea-343b-4055-8fd8-53bd7d73751f,2022-05-12 05:30:00
38779546-d2a7-4e2d-9520-68d878671986,2022-11-05 12:10:00
b1bba2a4-5d56-4a52-8686-8de21e9c9bd9,2022-07-09 15:18:00
22b4d6f5-69ef-4f47-b546-d30563ff143c,2022-12-13 03:44:00
9e496d35-2f6f-49d3-be6f-43e6758898d7,2022-11-12 13:35:00
a7bf8aaa-cdda-44a7-a1cc-d7671cfda491,2022-10-11 03:56:00
b5c40c5e-feb1-43eb-adf9-de02814ed130,2022-01-15 14:52:00
545bbd26-2217-407b-9843-8a3200d2ccc4,2022-02-10 14:00:00
ae500f83-1938-4342-8227-91ae5b8f6df9,2022-01-20 18:55:00
97493269-d5fc-413d-acc3-9456ce1b4670,2022-03-11 17:16:00
292d833a-5bf3-44e0-b78a-768bf46a0c75,2022-09-17 03:22:00
7a052e63-bc57-49f3-9c0b-daf08da8ee8a,2022-10-01 15:03:00
93bc50a9-af62-4384-869d-5753f74f8ef8,2022-01-21 07:31:00
cb798dbe-7e47-41c2-ab63-f31560e33403,2022-03-18 01:43:00
6aeb8b26-e054-4171-b0b9-9b701c6ad3fb,2022-06-15 02:01:00
247fd373-e85b-4c0a-aaa4-b3c96ca579b3,2022-11-11 11:11:00
78cb61e2-daaf-475e-9d9f-0873ef30199c,2022-12-26 08:42:00
7c04f8e7-5a22-4418-b539-8b6699a6c05f,2022-01-17 01:14:00
bf467fd1-234d-46db-993e-264647acebd1,2022-10-23 19:44:00
8c950800-7009-4921-8105-3073399ee510,2022-10-26 09:07:00
a6c577e6-b174-4593-89d2-41d40b3f4977,2022-04-01 11:15:00
7437108d-53c8-4e10-80ab-37d346647b89,2022-12-14 02:16:00
9b4a82cd-53cc-41bc-a272-84c056691409,2022-09-02 12:42:00
8c950800-7009-4921-8105-3073399ee510,2022-07-02 05:49:00
928cb3d4-5b61-449a-8f38-f6c8bfc7c384,2022-05-18 06:45:00
170f16be-95e7-435e-91b2-27942da3a22a,2022-01-08 16:39:00
c17aeb83-fa0b-43d6-a7d2-a68fd9bdf05b,2022-10-11 17:34:00
53bae2bf-d198-4697-b67e-ae905443f16b,2022-10-15 16:16:00
3a50dfda-376b-40a0-b52c-44c235efb7c7,2022-09-08 18:26:00
85a45165-2857-43ce-9c3b-751f0d1b512a,2022-01-05 15:34:00
f0f43ad8-d195-4837-8378-839be9fb4d25,2022-02-22 17:08:00
bb87b3a3-4b5e-4c07-a33d-5743af28c763,2022-01-16 21:24:00
ab588129-0ff1-4461-88c3-1bd9a70726e3,2022-12-06 00:49:00
fd58e5b2-5bf2-4992-8a68-0c5ce371e809,2022-11-24 03:04:00
1d9d7377-07d2-42de-af9c-d1dc77cf8808,2022-03-13 13:10:00
b02105c0-a949-44d4-a048-9f633f5be9c2,2022-11-14 09:07:00
8cc72f69-4fec-4709-bd1b-fab3c4bed4fd,2022-08-18 03:51:00
f7a3594b-9849-45af-9ebb-4ddb9881531f,2022-02-13 10:36:00
8cf2f249-3a98-426b-b63d-e1c44e774fcc,2022-07-23 15:52:00
6cbca30d-cd26-42d7-b766-685f2e2864ea,2022-11-13 19:02:00
2c7809c5-aaff-433b-af7c-fcad858ce30f,2022-06-11 11:03:00
dfe8b5da-40b8-43cc-b0b9-2389940765ec,2022-02-24 21:14:00
3f1e884f-594f-465f-a75b-9400696ac5a3,2022-09-27 18:14:00
470f95c7-8e2e-45d2-9e71-ea8b798b4869,2022-08-06 20:50:00
2c7809c5-aaff-433b-af7c-fcad858ce30f,2022-03-21 06:13:00
68dcb25d-1dab-45a3-a93a-fbdd1a286fe7,2022-10-25 09:47:00
d004c0e4-bf5a-4f52-bb3d-1a5f1cb0630d,2022-01-08 02:08:00
5884b900-eb83-444a-9235-fdf67da07a6e,2022-02-04 09:00:00
dfe8b5da-40b8-43cc-b0b9-2389940765ec,2022-05-08 02:15:00
8dc3b525-3b6d-4e94-84ae-9c3ff8ae074d,2022-04-11 19:50:00
eaf53fc8-0c40-40d0-90eb-57b5c3f92a4c,2022-07-10 23:49:00
898a4030-81b5-453f-8b8e-4ba0b3d06089,2022-06-19 03:32:00
de1eff76-0c80-4fa8-b1e7-d2e4eed85042,2022-02-26 17:29:00
c1d7069c-a6ba-46ff-abf0-83783bf233e4,2022-08-09 03:42:00
1c719898-3221-46fe-a7ce-0650ec928fe6,2022-01-08 01:02:00
22f5ab9a-cac1-428f-a269-6ea6ca111201,2022-01-04 23:43:00
fee70be6-5b55-4245-99d5-d05f49d5a4ce,2022-12-12 15:28:00
ac122603-07c7-4665-8996-b488292ccd8d,2022-10-18 04:19:00
8d46a423-e16a-4b14-9144-8d988db8404a,2022-12-10 07:51:00
533ecf2b-4171-42cd-9d76-4215a772101b,2022-11-05 00:27:00
79c33a1b-7cb5-413b-812e-f8c30b5e0e11,2022-08-12 20:30:00
ff545ec7-4043-4919-bdb4-ff5a63e983ac,2022-11-08 21:02:00
d5bc04c0-1a3e-4c13-a165-a96c55218b11,2022-02-13 15:40:00
b0103888-29e2-4983-87d3-8536a7ad4065,2022-05-03 23:36:00
845cc00f-51d3-464d-9f0f-22a103341f66,2022-02-19 03:38:00
73422411-c113-42cb-822f-048260c171fa,2022-02-21 13:26:00
5124ae96-8bdc-4498-879a-43d26474ec57,2022-12-13 17:02:00
eea7b172-fc75-43c6-9302-32f93a5be6b0,2022-06-17 09:12:00
6bfe5316-91ae-4145-9085-a12589b5116f,2022-05-06 07:58:00
a7bf8aaa-cdda-44a7-a1cc-d7671cfda491,2022-03-23 14:01:00
002089d3-cdb5-4332-9f3b-9ea9f4da0809,2022-05-11 08:26:00
5c488dad-1f56-4a3d-98cf-d450e6d812ff,2022-10-19 22:07:00
39c81b96-6455-4857-9fd6-12d9956bd21e,2022-07-12 18:34:00
de1eff76-0c80-4fa8-b1e7-d2e4eed85042,2022-07-14 01:59:00
ecc6b50c-6731-4775-bfeb-2757ca020b1c,2022-08-18 10:02:00
25b51183-3178-4b74-89ad-89052b1aa1ab,2022-01-06 02:28:00
1f473225-84cf-4e47-bee8-9baf27e61608,2022-03-06 22:11:00
be53de53-c0c4-442c-89ed-d53d844f6279,2022-07-24 14:32:00
0c4d68b0-f5f3-4b9a-9f64-6bc5bb745649,2022-01-08 16:22:00
f192c5c1-a8df-49da-8f98-c295189dad52,2022-02-11 14:34:00
bfa81f0e-503e-4a7b-b7c8-1bfb8a11d063,2022-08-10 21:55:00
71aaa4e4-fa29-43f8-9220-73bd1f877fde,2022-06-24 15:24:00
d9b5031f-d5c1-4c3b-8a75-90c0f7770c62,2022-07-26 11:45:00
5ef8378a-9f2d-4f62-9105-a66790d89630,2022-08-15 04:28:00
a62da4f5-2c0a-4347-80e7-6d761e56d9e2,2022-09-22 13:48:00
252e6f00-7a0d-4ff8-af8e-fbfff97b152b,2022-03-05 10:59:00
aa6c55a4-d9f6-4a72-bf0f-0ed4d4a7ea78,2022-07-09 06:25:00
360afc04-d7eb-41ca-8093-6ef0137554b7,2022-05-25 16:02:00
feff5b4a-e541-4efb-bece-c3546e80a944,2022-12-11 11:01:00
44bfae24-d5e1-498a-a20d-57ecbe0162b3,2022-06-10 22:56:00
03e81678-fbcd-49b6-9856-75e408872462,2022-01-08 22:27:00
1b1d619c-8163-4380-b17f-af5f967b5a8c,2022-06-13 22:04:00
b3f94ed1-6b52-4558-a46a-aa22d0c78552,2022-08-07 13:51:00
90d8d77c-4460-4529-a2d7-3f9eaadf4008,2022-04-03 01:03:00
edea8233-749f-43d9-a3e4-104d107927b2,2022-08-06 05:22:00
2fce26ab-a012-453a-af87-ebb49c413684,2022-09-19 00:24:00
714c06ca-7eda-49ac-a3a9-ee0f2f66a1cd,2022-02-11 10:36:00
2433ae28-3fa4-4c3e-b8da-e2a6dc3d0b3e,2022-12-20 13:47:00
5e3ddd4b-f818-418e-9df7-525b995a3fc3,2022-02-25 04:17:00
171000de-ef1c-4f31-be80-543bf0bd2f7e,2022-05-21 08:36:00
6c22fb15-ff78-4148-927d-67899877aa2d,2022-12-14 13:38:00
210ada49-52ca-49d0-81b4-5705f8f22ecd,2022-08-13 15:32:00
1c8ac83a-5688-44be-bb51-5f8d0edefbbb,2022-12-02 21:40:00
f5090add-63fd-42e9-9adb-41e91cc01ab2,2022-07-25 21:12:00
8fa23a71-f6ec-4bab-b7f9-2e4f84ce72f5,2022-09-11 08:15:00
eae891a4-ef2e-4571-9148-91c8ba44525c,2022-04-08 17:51:00
033bf1db-06ed-490c-a360-7ae43c97b9f2,2022-05-27 18:29:00
4657c91d-89a9-44af-8220-ecc041eb8efb,2022-07-25 12:05:00
8b8d1f42-cd46-4714-8954-28d6cfdfb19d,2022-12-14 02:50:00
53b89be8-ab2d-490b-bc8e-6a3e47073cde,2022-10-19 03:04:00
c23676e0-e36f-43ff-95e9-e4286d32051d,2022-10-14 13:26:00
30fd1a18-fda1-40af-98d5-97d122519226,2022-02-16 04:40:00
ce0bf44b-769c-4c12-9a70-eca5c23a7978,2022-08-11 19:42:00
1b01afeb-d102-4af9-a682-334619480b46,2022-09-21 00:06:00
1d5764d1-6752-4c36-b2d8-a51b0f581501,2022-09-07 21:48:00
88712dc5-2d69-4ec3-8fbc-9681332e0734,2022-05-24 14:11:00
2433ae28-3fa4-4c3e-b8da-e2a6dc3d0b3e,2022-07-21 01:38:00
d0b70585-e9e3-43db-98ff-5a8608fc18ce,2022-07-27 20:36:00
1269c77f-548b-4183-9ba6-35f2f182418d,2022-11-28 05:09:00
40395d40-1bf1-40be-9b9e-a5a63f856d7b,2022-01-14 04:19:00
c7d0cf56-1895-4911-a1c9-b7359d842114,2022-03-05 00:03:00
edbd3c8c-563d-42bf-be78-de5b982c6e37,2022-09-27 12:44:00
a9d09502-5e28-4fa3-9629-cd09c37462c9,2022-03-26 17:56:00
80d65045-e0f1-48d4-8245-576491dc593a,2022-07-01 05:22:00
a7d644ab-84de-40b1-9a46-653c466be0aa,2022-12-05 07:40:00
9d84505a-bcb9-4182-aa61-3eceefa70bc9,2022-07-12 19:10:00
8a048a79-0828-49a5-8a40-149aab396c8e,2022-09-25 20:17:00
f969da3a-8a09-4e62-954d-13b4b7df85f5,2022-06-08 15:26:00
ac122603-07c7-4665-8996-b488292ccd8d,2022-11-19 02:31:00
cb798dbe-7e47-41c2-ab63-f31560e33403,2022-01-27 22:41:00
8a048a79-0828-49a5-8a40-149aab396c8e,2022-10-27 05:29:00
45e624d8-e8c5-4762-b1cf-8c8f981ebe5b,2022-02-10 22:08:00
5c05cb94-5323-419d-956f-442a4e68bc85,2022-08-24 20:15:00
5884b900-eb83-444a-9235-fdf67da07a6e,2022-01-07 13:07:00
279da20d-3faf-4f7b-b0cc-cc5cd9c91270,2022-04-03 00:52:00
fa0759a3-c621-4331-b77f-106991ce00a6,2022-06-03 08:47:00
24538669-30ed-4f66-81b4-6ad0fdc43039,2022-03-06 09:51:00
6de2a3d3-02aa-4e0e-b014-b3b72768474b,2022-10-11 05:03:00
d004c0e4-bf5a-4f52-bb3d-1a5f1cb0630d,2022-05-11 05:05:00
2d9870d3-5ba1-4b28-bcbf-0fd7d4718a2f,2022-05-19 22:09:00
a63676d7-53ef-4b1a-86dd-9e32c6b48a75,2022-08-13 04:39:00
117f7a2a-3223-4dfc-b1d7-8a2283cec6ec,2022-03-17 01:04:00
c18fc876-d377-40d8-8d46-8d6560613db0,2022-06-19 03:54:00
3ed635b6-e5f8-4067-ae50-43b65c2c7e42,2022-09-16 03:08:00
76ad9093-7773-4465-aee7-912f110bb880,2022-12-16 15:28:00
242bdf42-0e93-4f52-ab4c-e95e6400f054,2022-05-06 02:38:00
0c6f894f-b351-4ecc-9b28-7a8526de29cb,2022-06-12 12:13:00
f7e95aee-8cf2-49b5-a009-fb11d8a167a0,2022-10-03 10:45:00
57bb3fbf-53ca-4876-a7ab-20b2af8d6c5a,2022-03-13 09:48:00
1d448388-1020-41d1-a2ad-56e4480fe1cd,2022-10-07 10:24:00
d04c88ec-669d-48ed-acdc-10e9ee0ee1b7,2022-09-14 01:34:00
033f193e-c39d-49ad-9245-9e26687459fd,2022-07-15 01:32:00
b6d0736f-fbcb-4540-9f5f-a10dab0da899,2022-03-03 04:50:00
5276bbb0-e3c0-41dc-ad1a-44dead8b9092,2022-07-19 19:22:00
36c67fc3-d4e4-4e13-ac5e-e54e9b092820,2022-12-04 04:12:00
4be8980f-1b93-4849-bd54-7b81dc42d9a8,2022-08-01 04:13:00
fcb10640-a9d6-4819-a853-c1e17f2a2a34,2022-01-24 19:16:00
1e11bc29-ad1e-4c0c-b033-8dd91c108419,2022-06-08 23:57:00
609c9c92-9b37-4af1-9524-36644d1244b1,2022-12-28 16:49:00
631bff5d-d7b2-476f-8041-31e1afb71f08,2022-10-11 21:44:00
805bfe91-38ed-43e8-864d-7a4fb2d3c542,2022-11-04 18:45:00
81e7d900-f11e-49a9-93da-3bf91dc81b99,2022-05-28 12:20:00
d622a79d-2436-43f9-ab62-f8195c6313c5,2022-08-22 11:52:00
dfe8b5da-40b8-43cc-b0b9-2389940765ec,2022-02-20 06:58:00
69010b5f-0eee-42b2-9c68-f1b2502c9ca1,2022-10-06 05:37:00
625329ba-26bd-43c3-9cf0-5e5521c958e4,2022-05-09 05:15:00
8b1218ee-5ba3-447d-93d5-346349e4c9d8,2022-10-17 22:40:00
be53de53-c0c4-442c-89ed-d53d844f6279,2022-12-12 15:23:00
4cfa0d51-42c0-467f-a522-c8bd5e737535,2022-08-10 13:44:00
44df5985-f5db-4679-a130-325e6e9a253d,2022-06-17 18:12:00
eb8ef449-f148-43ec-a97e-799af0ceb48e,2022-07-05 09:20:00
94f929df-606f-427a-90a5-dafea929c86c,2022-08-22 20:16:00
aa6c55a4-d9f6-4a72-bf0f-0ed4d4a7ea78,2022-03-20 06:13:00
7d4069fc-1a14-494a-8c36-17e5aeb5b0b3,2022-08-28 21:36:00
e6398679-9722-4f92-b7f7-7789ce1db9ac,2022-12-16 21:43:00
ad8eb38d-5415-4a18-bca4-e0d0f68f3855,2022-01-23 22:50:00
b58a960e-d4b4-4177-8954-d8df37c434cc,2022-07-20 13:07:00
2ec39001-c808-4db7-b001-109f915e4e4e,2022-05-23 02:45:00
3f1e884f-594f-465f-a75b-9400696ac5a3,2022-07-24 18:07:00
1d448388-1020-41d1-a2ad-56e4480fe1cd,2022-07-14 16:44:00
fde2005a-29a7-4996-850f-639b89ae3815,2022-07-15 17:10:00
0bf7bcfc-f411-4c12-be4b-b1a4b8ae454d,2022-02-17 13:44:00
6307891c-1383-4496-8d1f-785f23dee356,2022-03-04 04:36:00
26644b9c-a289-4071-886a-4c3e91766428,2022-03-28 15:22:00
c27b09cb-cd98-44c1-bc72-37b2eb910540,2022-05-19 14:01:00
cf6d383d-8a23-4fe1-a780-d84f321c2168,2022-04-10 04:09:00
9eace0e4-a09c-4c84-b7e2-b563b0ddf523,2022-07-10 16:26:00
69c1326b-ecba-4070-98de-bd74ac607232,2022-11-06 12:47:00
c3ae43ae-410d-4976-b998-8214c5dd79c9,2022-09-26 03:21:00
dcd26cb3-d8a0-47c2-832d-38be6e67922e,2022-07-05 19:07:00
2db55404-8e6d-4df8-98fa-d012582a0990,2022-11-28 16:38:00
d90c607c-0fca-4b97-afd4-2ebadccf0244,2022-05-10 19:25:00
c23676e0-e36f-43ff-95e9-e4286d32051d,2022-09-21 21:40:00
ba29f1ce-a7aa-403a-91aa-d0169d1e990b,2022-02-06 09:00:00
46fd9b59-db91-450d-990e-09c0a50b00a2,2022-04-12 12:01:00
827102ff-3d00-4a3c-be4a-8658a31ef3a8,2022-12-03 00:59:00
2c0e3dbd-5f8b-459b-9c33-8c0412bcd9b4,2022-02-28 19:18:00
2f7f882e-5c08-43f0-8384-71a71d9e3762,2022-08-25 17:11:00
ce228871-3da3-4c2e-a5ca-513797167e20,2022-09-09 16:51:00
7c240401-e257-482b-939b-d3d25ea4edaa,2022-02-24 20:28:00
69c645f1-64b2-4bd6-bdb1-bcde4dc3b579,2022-09-26 21:45:00
e26a944b-07da-4b6e-aecc-e3c5b7812333,2022-01-18 18:45:00
1c0bbd73-725d-460b-9686-eac8ac4f086a,2022-09-10 02:39:00
117f7a2a-3223-4dfc-b1d7-8a2283cec6ec,2022-01-10 11:50:00
48c06bc8-432e-48a4-9fcf-ca89218fc86b,2022-04-28 02:43:00
90d8d77c-4460-4529-a2d7-3f9eaadf4008,2022-03-28 06:05:00
92a89709-9ed7-4108-b11e-4855ca110d86,2022-05-11 16:33:00
242bdf42-0e93-4f52-ab4c-e95e6400f054,2022-08-24 11:57:00
322313b4-cfe3-4ecf-b625-52dd40f6188e,2022-06-09 22:15:00
c71ce811-8083-4bdc-830f-dfee23c5a168,2022-03-15 12:09:00
fb9d3459-5979-42a9-a62c-e71b2b9061f4,2022-02-07 22:30:00
79222eac-b410-44a8-bae2-df940397d665,2022-10-16 05:11:00
eea7b172-fc75-43c6-9302-32f93a5be6b0,2022-09-09 19:49:00
a07a4264-4392-424f-b0a4-44d0a8f04030,2022-11-17 06:42:00
05cef174-649a-4ad0-9d22-4273103bc2d9,2022-08-11 02:31:00
cd4c7053-0c14-4a5f-9c40-e5b5e95cb30d,2022-01-18 09:11:00
3537c87c-2d40-4c76-9e38-d907bd4cb3b7,2022-07-13 22:35:00
0626366e-8d6d-4d37-8500-e8a5708e7ca0,2022-03-28 15:43:00
ad8c9efe-e516-40e2-b13c-5aed02a800fa,2022-06-26 19:50:00
710c51f0-c111-480c-be44-89f50f708c69,2022-12-26 11:59:00
90d8d77c-4460-4529-a2d7-3f9eaadf4008,2022-08-27 02:25:00
a3c44d7a-7203-4c74-b2b1-b8e95a563402,2022-03-04 11:18:00
8cf2f249-3a98-426b-b63d-e1c44e774fcc,2022-08-09 00:31:00
90d8d77c-4460-4529-a2d7-3f9eaadf4008,2022-03-19 21:27:00
0e4970f4-18ee-4b53-bc54-7bc0ef673bc6,2022-04-16 13:38:00
22b4d6f5-69ef-4f47-b546-d30563ff143c,2022-02-10 02:14:00
7c538fb0-3be1-45c6-a077-5fca2a402c29,2022-08-09 15:19:00
89d130ca-a9ef-43e5-8203-99d9943e954a,2022-10-23 07:08:00
8b7077fc-6b60-46ab-bb61-194838c99f5a,2022-10-07 08:59:00
a497a8f2-bc9b-4149-8aa1-5e21e9f0d8c5,2022-07-23 22:42:00
9e74928d-c6f7-4436-a895-8e0fec72f7cf,2022-09-15 22:25:00
6520f725-27ae-4b03-a0bb-98543ba1063a,2022-10-17 03:27:00
845cc00f-51d3-464d-9f0f-22a103341f66,2022-03-18 10:27:00
a5b252de-4e80-4249-a836-fa04d8dc2cac,2022-04-18 20:16:00
f7a3594b-9849-45af-9ebb-4ddb9881531f,2022-12-18 23:23:00
cc25ffe2-f9a5-49a6-96ed-0b234b139e43,2022-09-12 22:48:00
5cf566fe-47c1-40c5-a8dc-f3798f70c925,2022-06-09 20:58:00
90efcdf2-86eb-406f-8084-0960c94314f4,2022-07-19 13:34:00
2814f674-8ba5-47b5-88e1-69309f8677f0,2022-05-21 21:38:00
e020e911-2991-4dff-8a86-61fe0cf4cea9,2022-09-09 20:25:00
72c8915b-9121-4e9c-8c92-fae102ac987a,2022-01-03 22:22:00
714c06ca-7eda-49ac-a3a9-ee0f2f66a1cd,2022-07-07 12:42:00
e020e911-2991-4dff-8a86-61fe0cf4cea9,2022-05-27 20:06:00
999d7f0c-0463-4339-bdf0-23b2cb966825,2022-03-19 13:12:00
9102acde-98cb-4de2-90ed-32c8ac41d430,2022-04-24 04:17:00
9ca756c9-518a-4242-9da7-c117586d3f6e,2022-04-17 02:58:00
3f62aef9-fb59-4219-a828-d1b181a1e878,2022-07-18 16:00:00
c5ed4535-1a25-462c-9584-fa9f45c307a0,2022-05-10 15:19:00
dd5fd50e-44ce-4ac1-8cb4-7fb22c257c13,2022-03-07 09:23:00
cd4c7053-0c14-4a5f-9c40-e5b5e95cb30d,2022-01-23 04:37:00
4fc30938-31b7-46df-bf59-6a4b06d2a29d,2022-07-24 11:11:00
625329ba-26bd-43c3-9cf0-5e5521c958e4,2022-05-24 15:22:00
f4adb532-10d6-4312-83c3-357c02a1415e,2022-05-14 06:00:00
2814f674-8ba5-47b5-88e1-69309f8677f0,2022-01-17 10:56:00
c1441bcf-7ca9-4369-9810-10f5ac065684,2022-06-28 06:59:00
124e6e25-131c-4700-b94a-7aaf97e16ddd,2022-04-09 02:09:00
3ed635b6-e5f8-4067-ae50-43b65c2c7e42,2022-11-28 13:42:00
068c6fe5-417e-4621-b15d-da07cbf5a42f,2022-03-26 19:33:00
37b8f9e4-eb6d-4670-85fc-dcba9dceb76c,2022-12-27 04:06:00
5965836a-7317-4bb6-ab0d-03550d8ff565,2022-07-25 17:45:00
bd20d373-370c-40c7-a274-2683f7ee3c28,2022-06-24 05:30:00
18dace83-2437-4877-bd60-5e833d89efc3,2022-12-18 18:15:00
a0dee3d9-ffae-48e0-af05-9635882714f9,2022-07-10 18:35:00
242cf407-da16-49c8-8aef-1cc38b80f979,2022-08-11 12:33:00
84f30fc6-5ed9-45a4-943f-dc21c3d6a6d8,2022-09-20 08:15:00
f135cf58-1c5c-4e71-99a2-d5c8a64f6f83,2022-07-06 12:39:00
8ec2c2e8-dd79-44f9-a5d9-64bc02fc40cc,2022-09-12 07:32:00
63aa7de2-620b-48f3-9a13-cfd97e512ccd,2022-11-27 20:40:00
acde0f92-851a-4739-a755-28291afb8d47,2022-08-26 07:26:00
5f2782b0-6ecb-4608-850e-37b1b4ec98df,2022-12-25 23:02:00
5cf566fe-47c1-40c5-a8dc-f3798f70c925,2022-09-12 10:41:00
bf3f23e2-72df-4511-bbf9-ff4ac3e13854,2022-04-28 10:10:00
710c51f0-c111-480c-be44-89f50f708c69,2022-11-18 10:05:00
d80503a6-35df-491c-bfa5-9afd912c0ea4,2022-07-15 19:23:00
53bae2bf-d198-4697-b67e-ae905443f16b,2022-12-06 08:15:00
6cbca30d-cd26-42d7-b766-685f2e2864ea,2022-03-27 17:35:00
4385486a-1f2e-40eb-afb3-f7bba09a755c,2022-08-19 18:06:00
1fbd0c72-32a9-4819-8aae-32fe497bdf5a,2022-04-04 23:25:00
58761ccb-c5cb-4241-a330-6f94fa537295,2022-04-24 02:11:00
f03de8bf-b30d-4cc6-a7e2-6eb6336b55eb,2022-09-13 18:42:00
8e996d00-3629-45b0-a613-1df546c4e528,2022-11-25 12:55:00
119cc060-9620-40fd-afb4-bd5ad71ca5ba,2022-11-24 13:55:00
a7a32a1f-173a-4b25-b6aa-10dd572797cf,2022-09-08 15:38:00
e26a944b-07da-4b6e-aecc-e3c5b7812333,2022-08-20 00:19:00
0b031ee1-3713-4fce-88de-416667547901,2022-04-02 18:29:00
e8a815c2-4b1f-4aee-95f4-ce14ee20ecb6,2022-12-15 06:18:00
889a14f6-3bbe-41c2-b618-f4838bb8ab46,2022-02-12 19:54:00
d1ab1b55-a37e-479f-9eb5-88b36cf9453b,2022-08-15 20:25:00
002089d3-cdb5-4332-9f3b-9ea9f4da0809,2022-12-18 16:55:00
81400af7-2609-4bf9-af12-3c0b56b473bd,2022-10-08 20:37:00
c2d687a7-904a-4aa1-97ed-7681d79cb5b9,2022-02-16 18:52:00
635740c6-49df-4e5d-ac03-fc242fddcf1f,2022-11-05 23:42:00
d42f1a3d-7104-47c3-8051-0f8a838938bc,2022-10-19 18:57:00
fe1bb7b9-cde4-4361-86d9-50523e84099d,2022-05-05 05:56:00
546670f8-8fd3-4de1-bc3b-dd7a2398ceff,2022-11-01 07:38:00
928cb3d4-5b61-449a-8f38-f6c8bfc7c384,2022-07-14 01:50:00
dfe8b5da-40b8-43cc-b0b9-2389940765ec,2022-01-12 09:53:00
3054fba8-fc7b-4a9f-80de-a1dab8289074,2022-02-25 05:27:00
b56512a2-9b47-4c72-8d1c-6e8754c8779b,2022-01-10 06:06:00
b2e3fc94-0808-475f-a49d-ca8574f29f29,2022-04-26 05:59:00
546670f8-8fd3-4de1-bc3b-dd7a2398ceff,2022-11-24 23:07:00
90597e66-14b2-491d-9141-bd1f54aad2ba,2022-06-22 19:25:00
30fad041-9100-434a-8702-42d6182afeed,2022-03-09 14:23:00
5992117d-fe6e-45c1-b2c4-fd4d302211e8,2022-06-08 04:12:00
4985bfe2-a128-4dd2-b691-d5997418fd80,2022-11-13 07:36:00
3a50dfda-376b-40a0-b52c-44c235efb7c7,2022-05-12 05:34:00
a0dee3d9-ffae-48e0-af05-9635882714f9,2022-11-12 08:12:00
ffad0c6b-de4c-4307-bda1-2a0ce7f61b97,2022-09-02 14:36:00
738aa8fc-95d1-4d41-b8fc-9e13b41a05f7,2022-04-28 04:50:00
8ae037ef-35b6-4850-9942-2462542511a9,2022-03-05 08:00:00
0b6c5f39-e741-420c-bb33-f5557cd0121f,2022-03-06 15:47:00
b02105c0-a949-44d4-a048-9f633f5be9c2,2022-11-03 03:08:00
006e27ce-40de-4f62-bbec-30579a0b0957,2022-06-03 06:50:00
b5989b38-c13d-4674-aa43-d857d9d2f829,2022-01-21 17:41:00
3c871271-abe8-4c8b-aa44-af71a007244f,2022-03-08 11:12:00
2c7809c5-aaff-433b-af7c-fcad858ce30f,2022-01-07 23:25:00
b1843736-c3a4-41eb-bf52-f208bd04c120,2022-10-14 14:38:00
30fd1a18-fda1-40af-98d5-97d122519226,2022-05-22 01:55:00
32ee4c55-a9e3-4142-a4b7-acac0b3c6760,2022-01-06 06:24:00
b4586d89-ecde-4c11-b640-f2ad74bb8f8d,2022-08-21 17:35:00
0bfe2bb5-ca8f-4c1f-a8fd-80b7ec3540cc,2022-01-16 15:29:00
0672f374-fa59-4940-a094-7dca6b0fc7c7,2022-07-26 19:35:00
21e24684-371f-445d-a684-c140fa072ef4,2022-09-11 07:03:00
9b35105c-f91d-4e83-99d5-9d6152321319,2022-02-26 15:55:00
ab588129-0ff1-4461-88c3-1bd9a70726e3,2022-11-15 20:14:00
d6f237c2-f3c3-4888-b32e-493fcb624dce,2022-01-24 20:22:00
70fae3ed-b583-4853-9c51-460f06212663,2022-06-23 01:56:00
c1ac5908-2da5-4c89-b611-96e9e734fa1a,2022-09-09 20:46:00
de1eff76-0c80-4fa8-b1e7-d2e4eed85042,2022-07-06 18:25:00
c7283fe5-5000-471c-82f6-e47d78ae506d,2022-01-10 09:17:00
4e62c1ab-48dc-4c3f-9678-78a93086ab09,2022-04-13 16:17:00
22b4d6f5-69ef-4f47-b546-d30563ff143c,2022-07-21 00:18:00
c5ed4535-1a25-462c-9584-fa9f45c307a0,2022-02-15 13:38:00
67996bdd-a5c6-46d0-9054-f23b955fc0ad,2022-09-01 07:41:00
3fecfc04-4a06-42a6-9d74-9ed7ddd469d2,2022-05-05 21:42:00
d4f0a84c-52db-45d9-ac3b-c3cda1cdc0f8,2022-04-01 04:16:00
1eb1760a-7ba1-42a3-bece-5c15b944371a,2022-03-28 16:29:00
8e97e008-8655-44d6-b47d-cac3d00a9102,2022-05-22 09:10:00
31a9332c-d0f7-4556-85ca-3ebf9e32858f,2022-09-16 15:33:00
8e97e008-8655-44d6-b47d-cac3d00a9102,2022-09-26 13:14:00
8cdff19a-1c3c-419e-8ef4-643e84575827,2022-04-04 17:06:00
d80503a6-35df-491c-bfa5-9afd912c0ea4,2022-01-01 12:25:00
0b031ee1-3713-4fce-88de-416667547901,2022-11-10 12:37:00
97f85b6f-2c70-4aa9-9ef8-5ce38f6b22d9,2022-07-13 15:35:00
80d38762-86c2-4572-a3ba-089c300363c4,2022-05-08 20:04:00
e65232d9-53a0-4e6a-9c3f-102aa667de50,2022-02-22 03:44:00
e6bffbf9-6046-4200-a8c0-81a370d9b9c1,2022-06-27 12:47:00
3eb39479-f3ae-4607-b03d-56ff06c76c0c,2022-06-15 00:33:00
195f508f-b779-498d-b75e-eac0b78cd588,2022-12-06 17:34:00
3582e472-6dcc-4cb4-98a7-bf47a88585f3,2022-04-17 17:43:00
ffad0c6b-de4c-4307-bda1-2a0ce7f61b97,2022-07-13 13:12:00
16e9957b-6109-4530-891a-cf9be3b78d80,2022-09-10 05:20:00
87e76c85-f421-4fde-bb4f-2f3b2b13b98b,2022-08-07 17:50:00
252e6f00-7a0d-4ff8-af8e-fbfff97b152b,2022-04-21 22:13:00
b7431972-9af8-478d-bd84-7320d53a0ca9,2022-01-02 18:10:00
1c719898-3221-46fe-a7ce-0650ec928fe6,2022-05-03 19:57:00
5276bbb0-e3c0-41dc-ad1a-44dead8b9092,2022-09-12 13:13:00
699d8123-a583-479b-aaf0-642d5ee0f6b4,2022-03-04 13:20:00
d0f09315-08a2-4903-b952-264e6a941667,2022-12-27 12:16:00
53bae2bf-d198-4697-b67e-ae905443f16b,2022-10-20 02:35:00
8ac9af12-4b9a-4f06-a898-7e2e7c64e76e,2022-01-09 05:47:00
4e7c687b-92c7-44b0-9d9d-dd45d6d1eb9f,2022-07-02 10:54:00
13ee4814-af11-4941-bd9f-e27af935ba69,2022-02-17 09:39:00
997ee230-1cb4-4eab-bff0-d88a9358e198,2022-01-25 04:44:00
d3c2c6aa-8113-45a9-85dd-72509207eab6,2022-06-20 08:09:00
db38f0bf-decf-47ba-9a50-6fc940d23231,2022-12-21 06:08:00
ce0bf44b-769c-4c12-9a70-eca5c23a7978,2022-03-07 02:16:00
85a45165-2857-43ce-9c3b-751f0d1b512a,2022-07-17 19:54:00
87e76c85-f421-4fde-bb4f-2f3b2b13b98b,2022-04-14 13:25:00
a6c577e6-b174-4593-89d2-41d40b3f4977,2022-02-10 20:01:00
d1ab1b55-a37e-479f-9eb5-88b36cf9453b,2022-10-23 14:28:00
b900fdce-074d-4b33-b2dc-5325f137e62f,2022-06-03 08:09:00
5965836a-7317-4bb6-ab0d-03550d8ff565,2022-11-16 09:49:00
2eda4a72-0c38-4c04-8c21-7dcffce5812e,2022-02-07 12:19:00
c3ae43ae-410d-4976-b998-8214c5dd79c9,2022-02-16 01:05:00
6ee8ac14-d47a-4c78-a4c7-150fa9bb2164,2022-03-10 23:53:00
4b4ca53b-a0bd-4e78-b7d2-4fb53b164e83,2022-01-03 08:11:00
fb9d3459-5979-42a9-a62c-e71b2b9061f4,2022-11-22 04:00:00
ac7846b9-7096-44c1-a174-a7ff5c6d790c,2022-11-13 04:41:00
252e6f00-7a0d-4ff8-af8e-fbfff97b152b,2022-02-25 19:58:00
07df6bed-a87e-4e3d-9cd9-a1465a0b32e4,2022-10-08 11:07:00
45e50396-ef32-485b-91bd-bb1786a3344f,2022-08-07 23:48:00
195f508f-b779-498d-b75e-eac0b78cd588,2022-10-20 22:56:00
cde1b110-05f2-4cb6-92c5-abd874e314f9,2022-06-13 08:26:00
85a45165-2857-43ce-9c3b-751f0d1b512a,2022-09-21 14:06:00
de908b0f-be73-4970-b8ce-a3e402543311,2022-03-27 18:28:00
1655c0dc-7ff6-408f-8ba7-748db2ef6e9e,2022-12-13 01:33:00
292d833a-5bf3-44e0-b78a-768bf46a0c75,2022-03-04 04:35:00
da303ef4-583d-475c-be8f-54a55769d579,2022-10-09 04:13:00
0ef05130-a4b7-4a0e-8e5d-cc61d7423e45,2022-08-19 00:40:00
f614ed5a-0f6a-475d-81b4-f39580cf1418,2022-11-03 12:02:00
e10c9923-26ae-4f71-89cb-b75a793a22d8,2022-07-17 06:13:00
b56512a2-9b47-4c72-8d1c-6e8754c8779b,2022-09-23 02:02:00
6f313290-1438-44af-9af0-0c5fc02707e1,2022-09-02 18:35:00
11f9f5f5-1069-4f53-b460-97535c183ad0,2022-03-07 21:41:00
dc39aa59-763e-435d-9771-9c2540c0054a,2022-10-03 04:36:00
a5b252de-4e80-4249-a836-fa04d8dc2cac,2022-08-05 00:48:00
6de2a3d3-02aa-4e0e-b014-b3b72768474b,2022-08-24 07:41:00
bfd0e121-0690-420e-9a41-cf7fc14dc9c9,2022-01-14 05:19:00
37ca6aa4-5211-44b8-bdd1-f40b9c4a969b,2022-08-03 02:35:00
4d880857-bdd4-46ce-a518-72553a9487e0,2022-06-07 10:48:00
81cc32f5-e9fd-41d1-8ed3-df1fed8fc314,2022-01-26 02:44:00
f9c862ed-223b-4f48-ad74-a34da46a4b7f,2022-12-22 10:26:00
934020f5-40c6-4dca-81d1-2029d72b495d,2022-03-06 17:44:00
e5913256-4e1c-4915-89af-628e19157487,2022-02-16 23:56:00
aa9bfbd7-d31d-4a4a-ac03-1084d566e808,2022-03-01 14:23:00
9b35105c-f91d-4e83-99d5-9d6152321319,2022-11-04 09:14:00
4dabb021-d956-4595-867d-9a2f63200d2b,2022-11-01 02:33:00
f4adb532-10d6-4312-83c3-357c02a1415e,2022-10-10 13:58:00
5992117d-fe6e-45c1-b2c4-fd4d302211e8,2022-07-28 06:49:00
b3f94ed1-6b52-4558-a46a-aa22d0c78552,2022-12-03 15:57:00
c9c8e2cd-fe2a-4bfb-b155-4227310cbec0,2022-04-04 04:15:00
033bf1db-06ed-490c-a360-7ae43c97b9f2,2022-06-02 04:55:00
3e1ccde2-2529-4669-b64d-4f8277d543a2,2022-05-22 04:15:00
a41faf9e-1932-4501-b0a6-674eae13c02c,2022-12-21 09:24:00
07df6bed-a87e-4e3d-9cd9-a1465a0b32e4,2022-10-25 12:00:00
c1441bcf-7ca9-4369-9810-10f5ac065684,2022-10-27 11:36:00
d5bc04c0-1a3e-4c13-a165-a96c55218b11,2022-07-25 11:07:00
